method,day,base_case_id,source_file,label,prediction,elapsed_ms
workbench,2018-06-04,NZH2-3FBD38E1EE97,AHU_annual.csv,normal,unresolved,27.385700028389692
fixed_threshold,2018-06-04,NZH2-3FBD38E1EE97,AHU_annual.csv,normal,unresolved,8.515299996361136
without_contiguity,2018-06-04,NZH2-3FBD38E1EE97,AHU_annual.csv,normal,unresolved,8.206600090488791
workbench,2018-06-04,NZH2-CA1F3C609785,coi_leakage_025_annual.csv,coil_leakage,unresolved,27.565000113099813
fixed_threshold,2018-06-04,NZH2-CA1F3C609785,coi_leakage_025_annual.csv,coil_leakage,unresolved,8.251700084656477
without_contiguity,2018-06-04,NZH2-CA1F3C609785,coi_leakage_025_annual.csv,coil_leakage,unresolved,8.52199993096292
workbench,2018-06-04,NZH2-47DF7820A2DE,damper_stuck_025_annual.csv,damper_stuck,unresolved,26.17130009457469
fixed_threshold,2018-06-04,NZH2-47DF7820A2DE,damper_stuck_025_annual.csv,damper_stuck,unresolved,8.183999918401241
without_contiguity,2018-06-04,NZH2-47DF7820A2DE,damper_stuck_025_annual.csv,damper_stuck,unresolved,8.188199950382113
workbench,2018-06-04,NZH2-CB776332844A,damper_stuck_075_annual.csv,damper_stuck,unresolved,26.611599838361144
fixed_threshold,2018-06-04,NZH2-CB776332844A,damper_stuck_075_annual.csv,damper_stuck,unresolved,7.9916000831872225
without_contiguity,2018-06-04,NZH2-CB776332844A,damper_stuck_075_annual.csv,damper_stuck,unresolved,8.053600089624524
workbench,2018-06-05,NZH2-5C89D19F8121,AHU_annual.csv,normal,unresolved,31.449300004169345
fixed_threshold,2018-06-05,NZH2-5C89D19F8121,AHU_annual.csv,normal,unresolved,9.70460008829832
without_contiguity,2018-06-05,NZH2-5C89D19F8121,AHU_annual.csv,normal,unresolved,9.459800086915493
workbench,2018-06-05,NZH2-020610C4AE2B,coi_leakage_025_annual.csv,coil_leakage,unresolved,30.489600030705333
fixed_threshold,2018-06-05,NZH2-020610C4AE2B,coi_leakage_025_annual.csv,coil_leakage,unresolved,9.7590999212116
without_contiguity,2018-06-05,NZH2-020610C4AE2B,coi_leakage_025_annual.csv,coil_leakage,unresolved,9.31159988977015
workbench,2018-06-05,NZH2-57BCB726E502,damper_stuck_025_annual.csv,damper_stuck,damper_suspicion,30.392799992114305
fixed_threshold,2018-06-05,NZH2-57BCB726E502,damper_stuck_025_annual.csv,damper_stuck,damper_suspicion,9.652199922129512
without_contiguity,2018-06-05,NZH2-57BCB726E502,damper_stuck_025_annual.csv,damper_stuck,damper_suspicion,9.69389989040792
workbench,2018-06-05,NZH2-3697FE8148DA,damper_stuck_075_annual.csv,damper_stuck,damper_suspicion,31.210299814119935
fixed_threshold,2018-06-05,NZH2-3697FE8148DA,damper_stuck_075_annual.csv,damper_stuck,damper_suspicion,9.845100110396743
without_contiguity,2018-06-05,NZH2-3697FE8148DA,damper_stuck_075_annual.csv,damper_stuck,damper_suspicion,9.475399972870946
workbench,2018-06-06,NZH2-33D018B5668B,AHU_annual.csv,normal,unresolved,31.53309994377196
fixed_threshold,2018-06-06,NZH2-33D018B5668B,AHU_annual.csv,normal,unresolved,9.76479984819889
without_contiguity,2018-06-06,NZH2-33D018B5668B,AHU_annual.csv,normal,unresolved,9.930900065228343
workbench,2018-06-06,NZH2-AAE87F6C6F43,coi_leakage_025_annual.csv,coil_leakage,unresolved,31.37709992006421
fixed_threshold,2018-06-06,NZH2-AAE87F6C6F43,coi_leakage_025_annual.csv,coil_leakage,unresolved,9.693600004538894
without_contiguity,2018-06-06,NZH2-AAE87F6C6F43,coi_leakage_025_annual.csv,coil_leakage,unresolved,9.724900126457214
workbench,2018-06-06,NZH2-E63488243D71,damper_stuck_025_annual.csv,damper_stuck,unresolved,31.888799974694848
fixed_threshold,2018-06-06,NZH2-E63488243D71,damper_stuck_025_annual.csv,damper_stuck,unresolved,10.068299947306514
without_contiguity,2018-06-06,NZH2-E63488243D71,damper_stuck_025_annual.csv,damper_stuck,unresolved,9.872600203379989
workbench,2018-06-06,NZH2-CE26B223228F,damper_stuck_075_annual.csv,damper_stuck,damper_suspicion,31.371899880468845
fixed_threshold,2018-06-06,NZH2-CE26B223228F,damper_stuck_075_annual.csv,damper_stuck,damper_suspicion,9.734899969771504
without_contiguity,2018-06-06,NZH2-CE26B223228F,damper_stuck_075_annual.csv,damper_stuck,damper_suspicion,9.669900173321366
workbench,2018-06-07,NZH2-EB6E54CFEBAC,AHU_annual.csv,normal,unresolved,30.87540017440915
fixed_threshold,2018-06-07,NZH2-EB6E54CFEBAC,AHU_annual.csv,normal,unresolved,9.819200029596686
without_contiguity,2018-06-07,NZH2-EB6E54CFEBAC,AHU_annual.csv,normal,unresolved,9.340699994936585
workbench,2018-06-07,NZH2-1B88FA54C2F2,coi_leakage_025_annual.csv,coil_leakage,unresolved,30.685100005939603
fixed_threshold,2018-06-07,NZH2-1B88FA54C2F2,coi_leakage_025_annual.csv,coil_leakage,unresolved,9.685100056231022
without_contiguity,2018-06-07,NZH2-1B88FA54C2F2,coi_leakage_025_annual.csv,coil_leakage,unresolved,9.616399882361293
workbench,2018-06-07,NZH2-9F99935D8899,damper_stuck_025_annual.csv,damper_stuck,unresolved,30.859600054100156
fixed_threshold,2018-06-07,NZH2-9F99935D8899,damper_stuck_025_annual.csv,damper_stuck,unresolved,9.54399979673326
without_contiguity,2018-06-07,NZH2-9F99935D8899,damper_stuck_025_annual.csv,damper_stuck,unresolved,9.321900084614754
workbench,2018-06-07,NZH2-9E1AFEB1C163,damper_stuck_075_annual.csv,damper_stuck,damper_suspicion,30.85440001450479
fixed_threshold,2018-06-07,NZH2-9E1AFEB1C163,damper_stuck_075_annual.csv,damper_stuck,damper_suspicion,9.664699900895357
without_contiguity,2018-06-07,NZH2-9E1AFEB1C163,damper_stuck_075_annual.csv,damper_stuck,damper_suspicion,9.52990003861487
workbench,2018-06-08,NZH2-3B1FB482754B,AHU_annual.csv,normal,unresolved,30.909700086340308
fixed_threshold,2018-06-08,NZH2-3B1FB482754B,AHU_annual.csv,normal,unresolved,10.06729993969202
without_contiguity,2018-06-08,NZH2-3B1FB482754B,AHU_annual.csv,normal,unresolved,9.59490006789565
workbench,2018-06-08,NZH2-BB1B1032E7BE,coi_leakage_025_annual.csv,coil_leakage,unresolved,31.810399843379855
fixed_threshold,2018-06-08,NZH2-BB1B1032E7BE,coi_leakage_025_annual.csv,coil_leakage,unresolved,9.89699992351234
without_contiguity,2018-06-08,NZH2-BB1B1032E7BE,coi_leakage_025_annual.csv,coil_leakage,unresolved,9.717699838802218
workbench,2018-06-08,NZH2-9FBC82B89E28,damper_stuck_025_annual.csv,damper_stuck,unresolved,31.116300029680133
fixed_threshold,2018-06-08,NZH2-9FBC82B89E28,damper_stuck_025_annual.csv,damper_stuck,unresolved,9.642799850553274
without_contiguity,2018-06-08,NZH2-9FBC82B89E28,damper_stuck_025_annual.csv,damper_stuck,unresolved,9.719000197947025
workbench,2018-06-08,NZH2-BDE2FD749B0B,damper_stuck_075_annual.csv,damper_stuck,damper_suspicion,30.774699989706278
fixed_threshold,2018-06-08,NZH2-BDE2FD749B0B,damper_stuck_075_annual.csv,damper_stuck,damper_suspicion,9.739199886098504
without_contiguity,2018-06-08,NZH2-BDE2FD749B0B,damper_stuck_075_annual.csv,damper_stuck,damper_suspicion,9.861400118097663
workbench,2018-06-09,NZH2-5EE5C8622479,AHU_annual.csv,normal,unresolved,30.911600217223167
fixed_threshold,2018-06-09,NZH2-5EE5C8622479,AHU_annual.csv,normal,unresolved,9.417599998414516
without_contiguity,2018-06-09,NZH2-5EE5C8622479,AHU_annual.csv,normal,unresolved,9.395400062203407
workbench,2018-06-09,NZH2-5E102A7F1003,coi_leakage_025_annual.csv,coil_leakage,unresolved,30.099299969151616
fixed_threshold,2018-06-09,NZH2-5E102A7F1003,coi_leakage_025_annual.csv,coil_leakage,unresolved,9.567700093612075
without_contiguity,2018-06-09,NZH2-5E102A7F1003,coi_leakage_025_annual.csv,coil_leakage,unresolved,9.391000028699636
workbench,2018-06-09,NZH2-47D1BAEAE4AC,damper_stuck_025_annual.csv,damper_stuck,unresolved,30.32239992171526
fixed_threshold,2018-06-09,NZH2-47D1BAEAE4AC,damper_stuck_025_annual.csv,damper_stuck,unresolved,10.101299965754151
without_contiguity,2018-06-09,NZH2-47D1BAEAE4AC,damper_stuck_025_annual.csv,damper_stuck,unresolved,9.686999954283237
workbench,2018-06-09,NZH2-A7EB664E3E5D,damper_stuck_075_annual.csv,damper_stuck,damper_suspicion,30.94800002872944
fixed_threshold,2018-06-09,NZH2-A7EB664E3E5D,damper_stuck_075_annual.csv,damper_stuck,damper_suspicion,10.089399991557002
without_contiguity,2018-06-09,NZH2-A7EB664E3E5D,damper_stuck_075_annual.csv,damper_stuck,damper_suspicion,9.371199877932668
workbench,2018-06-10,NZH2-75F6BA6F6E87,AHU_annual.csv,normal,unresolved,29.76389997638762
fixed_threshold,2018-06-10,NZH2-75F6BA6F6E87,AHU_annual.csv,normal,unresolved,9.32519999332726
without_contiguity,2018-06-10,NZH2-75F6BA6F6E87,AHU_annual.csv,normal,unresolved,9.370200103148818
workbench,2018-06-10,NZH2-F559C7A07743,coi_leakage_025_annual.csv,coil_leakage,unresolved,30.1016999874264
fixed_threshold,2018-06-10,NZH2-F559C7A07743,coi_leakage_025_annual.csv,coil_leakage,unresolved,9.401400107890368
without_contiguity,2018-06-10,NZH2-F559C7A07743,coi_leakage_025_annual.csv,coil_leakage,unresolved,9.655000176280737
workbench,2018-06-10,NZH2-A204D5144300,damper_stuck_025_annual.csv,damper_stuck,unresolved,30.28990002349019
fixed_threshold,2018-06-10,NZH2-A204D5144300,damper_stuck_025_annual.csv,damper_stuck,unresolved,9.566399967297912
without_contiguity,2018-06-10,NZH2-A204D5144300,damper_stuck_025_annual.csv,damper_stuck,unresolved,9.137399960309267
workbench,2018-06-10,NZH2-8BBE4262EF4B,damper_stuck_075_annual.csv,damper_stuck,damper_suspicion,29.994900105521083
fixed_threshold,2018-06-10,NZH2-8BBE4262EF4B,damper_stuck_075_annual.csv,damper_stuck,damper_suspicion,9.660399984568357
without_contiguity,2018-06-10,NZH2-8BBE4262EF4B,damper_stuck_075_annual.csv,damper_stuck,damper_suspicion,9.566799970343709
workbench,2018-07-09,NZH2-5C227024F79D,AHU_annual.csv,normal,unresolved,27.19609998166561
fixed_threshold,2018-07-09,NZH2-5C227024F79D,AHU_annual.csv,normal,unresolved,8.516999892890453
without_contiguity,2018-07-09,NZH2-5C227024F79D,AHU_annual.csv,normal,unresolved,8.247899822890759
workbench,2018-07-09,NZH2-3D6F6EEDF281,coi_leakage_025_annual.csv,coil_leakage,unresolved,27.47189998626709
fixed_threshold,2018-07-09,NZH2-3D6F6EEDF281,coi_leakage_025_annual.csv,coil_leakage,unresolved,8.25529987923801
without_contiguity,2018-07-09,NZH2-3D6F6EEDF281,coi_leakage_025_annual.csv,coil_leakage,unresolved,8.329500211402774
workbench,2018-07-09,NZH2-610FF2C39357,damper_stuck_025_annual.csv,damper_stuck,unresolved,26.341699995100498
fixed_threshold,2018-07-09,NZH2-610FF2C39357,damper_stuck_025_annual.csv,damper_stuck,unresolved,8.357200073078275
without_contiguity,2018-07-09,NZH2-610FF2C39357,damper_stuck_025_annual.csv,damper_stuck,unresolved,8.331000106409192
workbench,2018-07-09,NZH2-371F77DE73A3,damper_stuck_075_annual.csv,damper_stuck,unresolved,26.396800065413117
fixed_threshold,2018-07-09,NZH2-371F77DE73A3,damper_stuck_075_annual.csv,damper_stuck,unresolved,8.141200058162212
without_contiguity,2018-07-09,NZH2-371F77DE73A3,damper_stuck_075_annual.csv,damper_stuck,unresolved,8.14869999885559
workbench,2018-07-10,NZH2-F7D859956DAB,AHU_annual.csv,normal,unresolved,30.32669983804226
fixed_threshold,2018-07-10,NZH2-F7D859956DAB,AHU_annual.csv,normal,unresolved,9.309799876064062
without_contiguity,2018-07-10,NZH2-F7D859956DAB,AHU_annual.csv,normal,unresolved,9.432600112631917
workbench,2018-07-10,NZH2-2C0F05A4B454,coi_leakage_025_annual.csv,coil_leakage,unresolved,30.20590008236468
fixed_threshold,2018-07-10,NZH2-2C0F05A4B454,coi_leakage_025_annual.csv,coil_leakage,unresolved,9.981699986383319
without_contiguity,2018-07-10,NZH2-2C0F05A4B454,coi_leakage_025_annual.csv,coil_leakage,unresolved,9.810299845412374
workbench,2018-07-10,NZH2-E130C5108164,damper_stuck_025_annual.csv,damper_stuck,unresolved,29.70780013129115
fixed_threshold,2018-07-10,NZH2-E130C5108164,damper_stuck_025_annual.csv,damper_stuck,unresolved,9.797999868169427
without_contiguity,2018-07-10,NZH2-E130C5108164,damper_stuck_025_annual.csv,damper_stuck,unresolved,9.627500083297491
workbench,2018-07-10,NZH2-1E0081F23A39,damper_stuck_075_annual.csv,damper_stuck,unresolved,29.290299862623215
fixed_threshold,2018-07-10,NZH2-1E0081F23A39,damper_stuck_075_annual.csv,damper_stuck,unresolved,9.291999973356724
without_contiguity,2018-07-10,NZH2-1E0081F23A39,damper_stuck_075_annual.csv,damper_stuck,unresolved,9.338299976661801
workbench,2018-07-11,NZH2-2469535CC676,AHU_annual.csv,normal,unresolved,30.702199786901474
fixed_threshold,2018-07-11,NZH2-2469535CC676,AHU_annual.csv,normal,unresolved,9.641099954023957
without_contiguity,2018-07-11,NZH2-2469535CC676,AHU_annual.csv,normal,unresolved,9.540899889543653
workbench,2018-07-11,NZH2-E34434A653A4,coi_leakage_025_annual.csv,coil_leakage,unresolved,31.151300063356757
fixed_threshold,2018-07-11,NZH2-E34434A653A4,coi_leakage_025_annual.csv,coil_leakage,unresolved,9.739900007843971
without_contiguity,2018-07-11,NZH2-E34434A653A4,coi_leakage_025_annual.csv,coil_leakage,unresolved,9.33989998884499
workbench,2018-07-11,NZH2-6F6B66627EDB,damper_stuck_025_annual.csv,damper_stuck,unresolved,29.89439992234111
fixed_threshold,2018-07-11,NZH2-6F6B66627EDB,damper_stuck_025_annual.csv,damper_stuck,unresolved,9.74439992569387
without_contiguity,2018-07-11,NZH2-6F6B66627EDB,damper_stuck_025_annual.csv,damper_stuck,unresolved,9.960100054740906
workbench,2018-07-11,NZH2-2B10BA7D658B,damper_stuck_075_annual.csv,damper_stuck,damper_suspicion,30.572500079870224
fixed_threshold,2018-07-11,NZH2-2B10BA7D658B,damper_stuck_075_annual.csv,damper_stuck,damper_suspicion,9.503700071945786
without_contiguity,2018-07-11,NZH2-2B10BA7D658B,damper_stuck_075_annual.csv,damper_stuck,damper_suspicion,9.989900048822165
workbench,2018-07-12,NZH2-46EA1D599E86,AHU_annual.csv,normal,unresolved,31.748800072818995
fixed_threshold,2018-07-12,NZH2-46EA1D599E86,AHU_annual.csv,normal,unresolved,9.814799996092916
without_contiguity,2018-07-12,NZH2-46EA1D599E86,AHU_annual.csv,normal,unresolved,9.536100085824728
workbench,2018-07-12,NZH2-D59E2E5B78A3,coi_leakage_025_annual.csv,coil_leakage,unresolved,30.967999948188663
fixed_threshold,2018-07-12,NZH2-D59E2E5B78A3,coi_leakage_025_annual.csv,coil_leakage,unresolved,9.846100118011236
without_contiguity,2018-07-12,NZH2-D59E2E5B78A3,coi_leakage_025_annual.csv,coil_leakage,unresolved,9.296200005337596
workbench,2018-07-12,NZH2-AB6554EE3C69,damper_stuck_025_annual.csv,damper_stuck,unresolved,31.662599882110953
fixed_threshold,2018-07-12,NZH2-AB6554EE3C69,damper_stuck_025_annual.csv,damper_stuck,unresolved,10.109700029715896
without_contiguity,2018-07-12,NZH2-AB6554EE3C69,damper_stuck_025_annual.csv,damper_stuck,unresolved,9.556999895721674
workbench,2018-07-12,NZH2-3902981D4CBD,damper_stuck_075_annual.csv,damper_stuck,damper_suspicion,30.323700048029423
fixed_threshold,2018-07-12,NZH2-3902981D4CBD,damper_stuck_075_annual.csv,damper_stuck,damper_suspicion,9.766200091689825
without_contiguity,2018-07-12,NZH2-3902981D4CBD,damper_stuck_075_annual.csv,damper_stuck,damper_suspicion,9.44280019029975
workbench,2018-07-13,NZH2-F94F05EB1C6F,AHU_annual.csv,normal,unresolved,31.21899999678135
fixed_threshold,2018-07-13,NZH2-F94F05EB1C6F,AHU_annual.csv,normal,unresolved,10.093600023537874
without_contiguity,2018-07-13,NZH2-F94F05EB1C6F,AHU_annual.csv,normal,unresolved,9.469300042837858
workbench,2018-07-13,NZH2-2DCCA26672FD,coi_leakage_025_annual.csv,coil_leakage,unresolved,31.10749996267259
fixed_threshold,2018-07-13,NZH2-2DCCA26672FD,coi_leakage_025_annual.csv,coil_leakage,unresolved,9.910200024023652
without_contiguity,2018-07-13,NZH2-2DCCA26672FD,coi_leakage_025_annual.csv,coil_leakage,unresolved,9.389699902385473
workbench,2018-07-13,NZH2-420EF0E0C05C,damper_stuck_025_annual.csv,damper_stuck,unresolved,31.065399991348386
fixed_threshold,2018-07-13,NZH2-420EF0E0C05C,damper_stuck_025_annual.csv,damper_stuck,unresolved,9.68819996342063
without_contiguity,2018-07-13,NZH2-420EF0E0C05C,damper_stuck_025_annual.csv,damper_stuck,unresolved,9.53570008277893
workbench,2018-07-13,NZH2-7D7F3DFAA7A0,damper_stuck_075_annual.csv,damper_stuck,damper_suspicion,31.462500104680657
fixed_threshold,2018-07-13,NZH2-7D7F3DFAA7A0,damper_stuck_075_annual.csv,damper_stuck,damper_suspicion,9.573600022122264
without_contiguity,2018-07-13,NZH2-7D7F3DFAA7A0,damper_stuck_075_annual.csv,damper_stuck,damper_suspicion,9.380500065162778
workbench,2018-07-14,NZH2-D33CB100E4ED,AHU_annual.csv,normal,unresolved,30.20850010216236
fixed_threshold,2018-07-14,NZH2-D33CB100E4ED,AHU_annual.csv,normal,unresolved,9.584700223058462
without_contiguity,2018-07-14,NZH2-D33CB100E4ED,AHU_annual.csv,normal,unresolved,9.363200049847364
workbench,2018-07-14,NZH2-8EC44B73F95F,coi_leakage_025_annual.csv,coil_leakage,unresolved,31.014200067147613
fixed_threshold,2018-07-14,NZH2-8EC44B73F95F,coi_leakage_025_annual.csv,coil_leakage,unresolved,9.670200059190392
without_contiguity,2018-07-14,NZH2-8EC44B73F95F,coi_leakage_025_annual.csv,coil_leakage,unresolved,9.477999992668629
workbench,2018-07-14,NZH2-E403E63E723E,damper_stuck_025_annual.csv,damper_stuck,unresolved,29.83840019442141
fixed_threshold,2018-07-14,NZH2-E403E63E723E,damper_stuck_025_annual.csv,damper_stuck,unresolved,10.104500222951174
without_contiguity,2018-07-14,NZH2-E403E63E723E,damper_stuck_025_annual.csv,damper_stuck,unresolved,9.759499924257398
workbench,2018-07-14,NZH2-F8104962EDBA,damper_stuck_075_annual.csv,damper_stuck,damper_suspicion,29.081899905577302
fixed_threshold,2018-07-14,NZH2-F8104962EDBA,damper_stuck_075_annual.csv,damper_stuck,damper_suspicion,9.555700002238154
without_contiguity,2018-07-14,NZH2-F8104962EDBA,damper_stuck_075_annual.csv,damper_stuck,damper_suspicion,9.814599994570017
workbench,2018-07-15,NZH2-877B18044AF8,AHU_annual.csv,normal,unresolved,30.64799983985722
fixed_threshold,2018-07-15,NZH2-877B18044AF8,AHU_annual.csv,normal,unresolved,9.290599962696433
without_contiguity,2018-07-15,NZH2-877B18044AF8,AHU_annual.csv,normal,unresolved,8.902700152248144
workbench,2018-07-15,NZH2-79628B019966,coi_leakage_025_annual.csv,coil_leakage,unresolved,29.90909991785884
fixed_threshold,2018-07-15,NZH2-79628B019966,coi_leakage_025_annual.csv,coil_leakage,unresolved,9.861700003966689
without_contiguity,2018-07-15,NZH2-79628B019966,coi_leakage_025_annual.csv,coil_leakage,unresolved,9.0768001973629
workbench,2018-07-15,NZH2-891288077FEC,damper_stuck_025_annual.csv,damper_stuck,unresolved,30.671200016513467
fixed_threshold,2018-07-15,NZH2-891288077FEC,damper_stuck_025_annual.csv,damper_stuck,unresolved,9.929700056090951
without_contiguity,2018-07-15,NZH2-891288077FEC,damper_stuck_025_annual.csv,damper_stuck,unresolved,9.889200096949935
workbench,2018-07-15,NZH2-C41837D35CC4,damper_stuck_075_annual.csv,damper_stuck,damper_suspicion,30.16570000909269
fixed_threshold,2018-07-15,NZH2-C41837D35CC4,damper_stuck_075_annual.csv,damper_stuck,damper_suspicion,9.661099873483181
without_contiguity,2018-07-15,NZH2-C41837D35CC4,damper_stuck_075_annual.csv,damper_stuck,damper_suspicion,9.0616000816226
