site,year,weather_hash,load_kwh,pv_2kwp_kwh,self_use_kwh,grid_import_kwh,curtailment_kwh,load_coverage_rate,economics_status,npv_cny
guangzhou,2023,ba252db3b0ce5948af606d3b0bc3c0ed635b4c4aefde99162c02cd8821382254,1219.857399968989,2190.48825283078,865.8986329905755,353.9587669784136,1324.5896198402045,0.7098359472284123,complete,-10048.736615813237
guangzhou,2024,7a2854ff581fdeb15908726dd5b10a288adcc5ae072ab35cf6d316ef6a5cd356,1249.05760334538,2173.27913756574,888.2104266135146,360.8471767318654,1285.0687109522255,0.7111044552585887,complete,-10090.40751939978
guangzhou,2025,3a411d0277dc07d206aff445ead70e0b8f50348884ae05a95b2c13949fe77c25,1216.2525922485818,2326.36780397537,849.9970599233327,366.25553232524913,1476.3707440520373,0.6988655689949045,complete,-10126.787588289817
beijing,2023,87f01a7d6a3663e53cf3dc02248dd4a23aa762798e48b0c2fe446eb9b2e34746,646.5564194267417,2821.38943074657,521.4575300965829,125.09888933015884,2299.9319006499873,0.8065151229322328,complete,-8483.52927344859
beijing,2024,c493a6e5544017c6f14f3b12bf5078cf9f7a236c9249beb3c8842bce2940ae84,625.7830718341864,2738.14178823877,516.9678301352179,108.81524169896858,2221.173958103552,0.826113478301629,complete,-8375.345604487104
beijing,2025,be511dcb23fcc03f28e58e6874676d9cfa76fb8b6efb2f1d32a65ecfc8db9ea8,626.0858351012471,2792.1815741457,499.11374616642183,126.97208893482525,2293.0678279792783,0.7971969946991501,complete,-8498.365525037723
harbin,2023,ae44a7969016cc8d3bf941f6292f9475273a71a42b70cd9df9186978a994e4e0,277.94495750784364,2739.1372355099,239.25516906342872,38.689788444414894,2499.882066446471,0.8608005383824131,complete,-7896.169538807722
harbin,2024,87b645bc66fbdbc122473be9d5b9907cb5c7ef1369aa3a3c34ac161b264b2223,267.863921866686,2717.92602774532,228.948037267296,38.91588459938996,2488.977990478024,0.8547177076771162,complete,-7897.637525263683
harbin,2025,4ab392a5bc1a0e6ba17454e82588c56c54dbcaf4a980423fc2ddfb5ed67356c9,325.96252059869045,2711.22308467082,293.73690635176297,32.22561424692747,2417.486178319057,0.9011370565311031,complete,-7853.563944468851
