site,year,equipment_id,weather_hash,rows,cooling_kwh,electric_kwh,sensible_cooling_kwh,latent_cooling_kwh,cooling_season_hours,capacity_shortfall_hours,unmet_temp_degree_hours,unmet_rh_percent_hours,lifecycle_status,lifecycle_total_pv_cny,equipment_source,source_type
guangzhou,2023,midea_msagbu12_mox201,ef3d7257de76334d7a3bd75627eed7b88aa06803bc68697686617a708aaf8e92,8760,4145.01897638828,1219.857399968986,2989.3521174112657,1155.666858977016,1497.0,1018.0,451.5126128182738,3717.8194797818423,complete,14451.058839795329,https://www.midea.com/it/hvac/monosplit/xtreme/climatizzatore-xtreme-msagbu-12hrfn8-mox201-12hfn8,public_manufacturer_page
guangzhou,2023,midea_gaia12,ef3d7257de76334d7a3bd75627eed7b88aa06803bc68697686617a708aaf8e92,8760,4145.01897638828,1082.9021305207702,2989.3521174112657,1155.666858977016,1497.0,1018.0,451.5126128182738,3717.8194797818423,complete,13547.154061437108,https://www.midea.com/ge-en/air-conditioners/inverter-conditioner/conditioner-gaia-12hrfn8.gaia-12hrfn8,public_manufacturer_page
guangzhou,2023,daikin_ftxf35_rxf35,ef3d7257de76334d7a3bd75627eed7b88aa06803bc68697686617a708aaf8e92,8760,4137.851782654758,1335.5917793088736,2987.1669308791074,1150.6848517756384,1497.0,1022.0,461.51405287399064,3831.145915842887,complete,15214.905743438603,https://energylabel.daikin.eu/eu/en_US/lot10/jcr%3Acontent/root/services.json/lot10/datasheet/html?locale=en_US&product=FTXF35E5V1B+%2F+RXF35F5V1B,public_energy_label
guangzhou,2024,midea_msagbu12_mox201,5c1744f84ec57c9f71a8441dd821052a16553254d93a792aad4679bd60d6b6c9,8784,4244.902171977031,1249.0576033453785,3081.3743511696944,1163.527820807326,1554.0,1008.0,417.61093872378166,5252.758393762004,complete,14643.780182079505,https://www.midea.com/it/hvac/monosplit/xtreme/climatizzatore-xtreme-msagbu-12hrfn8-mox201-12hfn8,public_manufacturer_page
guangzhou,2024,midea_gaia12,5c1744f84ec57c9f71a8441dd821052a16553254d93a792aad4679bd60d6b6c9,8784,4244.902171977031,1108.8239820820572,3081.3743511696944,1163.527820807326,1554.0,1008.0,417.61093872378166,5252.758393762004,complete,13718.238281741602,https://www.midea.com/ge-en/air-conditioners/inverter-conditioner/conditioner-gaia-12hrfn8.gaia-12hrfn8,public_manufacturer_page
guangzhou,2024,daikin_ftxf35_rxf35,5c1744f84ec57c9f71a8441dd821052a16553254d93a792aad4679bd60d6b6c9,8784,4237.821638515127,1367.6466962996737,3079.099330522353,1158.7223079927705,1554.0,1013.0,428.03119688724047,5362.56643041761,complete,15426.46819557788,https://energylabel.daikin.eu/eu/en_US/lot10/jcr%3Acontent/root/services.json/lot10/datasheet/html?locale=en_US&product=FTXF35E5V1B+%2F+RXF35F5V1B,public_energy_label
guangzhou,2025,midea_msagbu12_mox201,ba319e03dfda90481ba1e6e06650645cf224a3c469f8b0023585bcfdd3c50543,8760,4134.442478154045,1216.2525922485822,2973.1996243418725,1161.2428538121703,1484.0,1116.0,342.6904999616469,3703.3126456245022,complete,14427.267108840642,https://www.midea.com/it/hvac/monosplit/xtreme/climatizzatore-xtreme-msagbu-12hrfn8-mox201-12hfn8,public_manufacturer_page
guangzhou,2025,midea_gaia12,ba319e03dfda90481ba1e6e06650645cf224a3c469f8b0023585bcfdd3c50543,8760,4134.442478154045,1079.7020401162324,2973.1996243418725,1161.2428538121703,1484.0,1116.0,342.6904999616469,3703.3126456245022,complete,13526.03346476715,https://www.midea.com/ge-en/air-conditioners/inverter-conditioner/conditioner-gaia-12hrfn8.gaia-12hrfn8,public_manufacturer_page
guangzhou,2025,daikin_ftxf35_rxf35,ba319e03dfda90481ba1e6e06650645cf224a3c469f8b0023585bcfdd3c50543,8760,4127.534898190215,1331.7254221281419,2971.8169711778487,1155.7179270123588,1484.0,1126.0,348.92377818065023,3827.6378199650994,complete,15189.387786045776,https://energylabel.daikin.eu/eu/en_US/lot10/jcr%3Acontent/root/services.json/lot10/datasheet/html?locale=en_US&product=FTXF35E5V1B+%2F+RXF35F5V1B,public_energy_label
beijing,2023,midea_msagbu12_mox201,df8cdd779cad952506e5d57ccf3358ef4fb8ef857c82f432c8959bc2e26ca157,8760,2188.9976638536077,646.5564194267407,1868.9348273806745,320.06283647293304,867.0,532.0,329.64634801792334,603.0582054488607,complete,10667.272368216498,https://www.midea.com/it/hvac/monosplit/xtreme/climatizzatore-xtreme-msagbu-12hrfn8-mox201-12hfn8,public_manufacturer_page
beijing,2023,midea_gaia12,df8cdd779cad952506e5d57ccf3358ef4fb8ef857c82f432c8959bc2e26ca157,8760,2188.9976638536077,573.9665342169513,1868.9348273806745,320.06283647293304,867.0,532.0,329.64634801792334,603.0582054488607,complete,10188.179125831877,https://www.midea.com/ge-en/air-conditioners/inverter-conditioner/conditioner-gaia-12hrfn8.gaia-12hrfn8,public_manufacturer_page
beijing,2023,daikin_ftxf35_rxf35,df8cdd779cad952506e5d57ccf3358ef4fb8ef857c82f432c8959bc2e26ca157,8760,2185.5444599180155,707.9957424710819,1866.2144778170743,319.32998210093643,867.0,537.0,341.38456635999506,614.5261403907909,complete,11072.77190030914,https://energylabel.daikin.eu/eu/en_US/lot10/jcr%3Acontent/root/services.json/lot10/datasheet/html?locale=en_US&product=FTXF35E5V1B+%2F+RXF35F5V1B,public_energy_label
beijing,2024,midea_msagbu12_mox201,967ed7bb885c2650757de92046e4eb03a2f58bd7074944506308d1cc557ca8d4,8784,2123.2381691285573,625.783071834187,1797.4190040069193,325.8191651216394,843.0,463.0,210.70030071581633,388.74703526244156,complete,10530.16827410563,https://www.midea.com/it/hvac/monosplit/xtreme/climatizzatore-xtreme-msagbu-12hrfn8-mox201-12hfn8,public_manufacturer_page
beijing,2024,midea_gaia12,967ed7bb885c2650757de92046e4eb03a2f58bd7074944506308d1cc557ca8d4,8784,2123.2381691285573,555.5254423593303,1797.4190040069193,325.8191651216394,843.0,463.0,210.70030071581633,388.74703526244156,complete,10066.46791957158,https://www.midea.com/ge-en/air-conditioners/inverter-conditioner/conditioner-gaia-12hrfn8.gaia-12hrfn8,public_manufacturer_page
beijing,2024,daikin_ftxf35_rxf35,967ed7bb885c2650757de92046e4eb03a2f58bd7074944506308d1cc557ca8d4,8784,2121.1219752455827,685.6525057339652,1796.172888798454,324.9490864471263,843.0,471.0,215.687025431872,400.88265153389517,complete,10925.306537844172,https://energylabel.daikin.eu/eu/en_US/lot10/jcr%3Acontent/root/services.json/lot10/datasheet/html?locale=en_US&product=FTXF35E5V1B+%2F+RXF35F5V1B,public_energy_label
beijing,2025,midea_msagbu12_mox201,e1ec2b1fcfc7718f4b8a5a9967fde87bf69fc74a11f66f17c1be3c27381fcbad,8760,2125.5234302321273,626.0858351012465,1740.4840532533299,385.039376978797,861.0,449.0,170.65314529803024,450.51722199087203,complete,10532.16651166823,https://www.midea.com/it/hvac/monosplit/xtreme/climatizzatore-xtreme-msagbu-12hrfn8-mox201-12hfn8,public_manufacturer_page
beijing,2025,midea_gaia12,e1ec2b1fcfc7718f4b8a5a9967fde87bf69fc74a11f66f17c1be3c27381fcbad,8760,2125.5234302321273,555.7942139280002,1740.4840532533299,385.039376978797,861.0,449.0,170.65314529803024,450.51722199087203,complete,10068.2418119248,https://www.midea.com/ge-en/air-conditioners/inverter-conditioner/conditioner-gaia-12hrfn8.gaia-12hrfn8,public_manufacturer_page
beijing,2025,daikin_ftxf35_rxf35,e1ec2b1fcfc7718f4b8a5a9967fde87bf69fc74a11f66f17c1be3c27381fcbad,8760,2123.74327710329,686.0958952641553,1739.73752734201,384.00574976127723,861.0,457.0,173.30859336050102,467.95594734208754,complete,10928.232908743421,https://energylabel.daikin.eu/eu/en_US/lot10/jcr%3Acontent/root/services.json/lot10/datasheet/html?locale=en_US&product=FTXF35E5V1B+%2F+RXF35F5V1B,public_energy_label
harbin,2023,midea_msagbu12_mox201,68f426fb512a2f28c56ae8e971ee7c8a6464491eaff315f9c10b206db7b51e3c,8760,945.0128555266684,277.9449575078436,745.7412768639252,199.2715786627438,476.0,110.0,25.229814486071195,96.23726580726371,complete,8234.436719551768,https://www.midea.com/it/hvac/monosplit/xtreme/climatizzatore-xtreme-msagbu-12hrfn8-mox201-12hfn8,public_manufacturer_page
harbin,2023,midea_gaia12,68f426fb512a2f28c56ae8e971ee7c8a6464491eaff315f9c10b206db7b51e3c,8760,945.0128555266684,246.73964896257647,745.7412768639252,199.2715786627438,476.0,110.0,25.229814486071195,96.23726580726371,complete,8028.481683153006,https://www.midea.com/ge-en/air-conditioners/inverter-conditioner/conditioner-gaia-12hrfn8.gaia-12hrfn8,public_manufacturer_page
harbin,2023,daikin_ftxf35_rxf35,68f426fb512a2f28c56ae8e971ee7c8a6464491eaff315f9c10b206db7b51e3c,8760,944.7023542539595,304.74269492063183,745.6729629231994,199.02939133076012,476.0,113.0,25.544811271393193,100.44892474088604,complete,8411.301786476171,https://energylabel.daikin.eu/eu/en_US/lot10/jcr%3Acontent/root/services.json/lot10/datasheet/html?locale=en_US&product=FTXF35E5V1B+%2F+RXF35F5V1B,public_energy_label
harbin,2024,midea_msagbu12_mox201,9c12e9245063aff0e657f82b6729bf2f6087f92850e5623d64e57926715d4f6d,8784,910.7373343467322,267.8639218666861,703.0857269363385,207.65160741039358,448.0,78.0,9.276553720915938,11.449211823943358,complete,8167.9018843201275,https://www.midea.com/it/hvac/monosplit/xtreme/climatizzatore-xtreme-msagbu-12hrfn8-mox201-12hfn8,public_manufacturer_page
harbin,2024,midea_gaia12,9c12e9245063aff0e657f82b6729bf2f6087f92850e5623d64e57926715d4f6d,8784,910.7373343467322,237.7904267223844,703.0857269363385,207.65160741039358,448.0,78.0,9.276553720915938,11.449211823943358,complete,7969.416816367738,https://www.midea.com/ge-en/air-conditioners/inverter-conditioner/conditioner-gaia-12hrfn8.gaia-12hrfn8,public_manufacturer_page
harbin,2024,daikin_ftxf35_rxf35,9c12e9245063aff0e657f82b6729bf2f6087f92850e5623d64e57926715d4f6d,8784,910.561309734104,293.72945475293704,703.032053557927,207.52925617617765,448.0,81.0,9.463085074772529,12.91426341793553,complete,8338.614401369385,https://energylabel.daikin.eu/eu/en_US/lot10/jcr%3Acontent/root/services.json/lot10/datasheet/html?locale=en_US&product=FTXF35E5V1B+%2F+RXF35F5V1B,public_energy_label
harbin,2025,midea_msagbu12_mox201,9d1899157794febd6d9b23f52353d9233aa523085e711f54534a59b9b3c341f4,8760,1108.2725700355468,325.9625205986904,895.1241710703255,213.148398965223,531.0,79.0,8.31333711857081,23.193610803981755,complete,8551.352635951356,https://www.midea.com/it/hvac/monosplit/xtreme/climatizzatore-xtreme-msagbu-12hrfn8-mox201-12hfn8,public_manufacturer_page
harbin,2025,midea_gaia12,9d1899157794febd6d9b23f52353d9233aa523085e711f54534a59b9b3c341f4,8760,1108.2725700355468,289.3662062755997,895.1241710703255,213.148398965223,531.0,79.0,8.31333711857081,23.193610803981755,complete,8309.816961418957,https://www.midea.com/ge-en/air-conditioners/inverter-conditioner/conditioner-gaia-12hrfn8.gaia-12hrfn8,public_manufacturer_page
harbin,2025,daikin_ftxf35_rxf35,9d1899157794febd6d9b23f52353d9233aa523085e711f54534a59b9b3c341f4,8760,1108.088028152032,357.4477510167845,895.0919698455658,212.99605830646772,531.0,81.0,8.425083645758559,25.243381845509674,complete,8759.155156710778,https://energylabel.daikin.eu/eu/en_US/lot10/jcr%3Acontent/root/services.json/lot10/datasheet/html?locale=en_US&product=FTXF35E5V1B+%2F+RXF35F5V1B,public_energy_label
