channel,expected_samples,finite_samples,missing_or_nonfinite,negative_samples,valid_samples,coverage_fraction,minimum,maximum,all_finite_values_zero,unit
z1_AC1(kW),525600,495832,29768,0,495832,0.9433637747336377,0.0,54.51,False,kW
z1_Light(kW),525600,524967,633,0,524967,0.9987956621004567,0.0,22.38,False,kW
z1_Plug(kW),525600,524964,636,0,524964,0.9987899543378995,0.0,9.82,False,kW
z1_S1(degC),525600,413992,111608,0,413992,0.7876560121765601,17.56,31.9,False,degC
z1_S1(RH%),525600,413992,111608,0,413992,0.7876560121765601,45.5,76.9,False,percent
z1_S1(lux),525600,413992,111608,0,413992,0.7876560121765601,0.0,92.0,False,lux
z2_AC1(kW),525600,495710,29890,0,495710,0.9431316590563166,0.0,50.46,False,kW
z2_AC2(kW),525600,523441,2159,0,523441,0.9958923135464232,0.0,2.43,False,kW
z2_AC3(kW),525600,523441,2159,0,523441,0.9958923135464232,0.0,2.08,False,kW
z2_AC4(kW),525600,523441,2159,0,523441,0.9958923135464232,0.0,2.04,False,kW
z2_AC5(kW),525600,524949,651,0,524949,0.9987614155251141,0.0,1.82,False,kW
z2_AC6(kW),525600,524949,651,0,524949,0.9987614155251141,0.0,1.7,False,kW
z2_AC7(kW),525600,524949,651,0,524949,0.9987614155251141,0.0,1.31,False,kW
z2_AC8(kW),525600,524949,651,0,524949,0.9987614155251141,0.0,1.29,False,kW
z2_AC9(kW),525600,524949,651,0,524949,0.9987614155251141,0.0,2.4,False,kW
z2_AC10(kW),525600,524949,651,0,524949,0.9987614155251141,0.0,1.45,False,kW
z2_AC11(kW),525600,524949,651,0,524949,0.9987614155251141,0.0,0.0,True,kW
z2_AC12(kW),525600,524949,651,0,524949,0.9987614155251141,0.0,1.44,False,kW
z2_AC13(kW),525600,524949,651,0,524949,0.9987614155251141,0.0,2.13,False,kW
z2_AC14(kW),525600,524949,651,0,524949,0.9987614155251141,0.0,1.55,False,kW
z2_Light(kW),525600,524864,736,0,524864,0.9985996955859969,0.0,11.51,False,kW
z2_Plug(kW),525600,524817,783,0,524817,0.9985102739726027,0.0,8.08,False,kW
z2_S1(degC),525600,428579,97021,0,428579,0.8154090563165906,18.36,31.9,False,degC
z2_S1(RH%),525600,428582,97018,0,428582,0.8154147640791476,41.81,88.96,False,percent
z2_S1(lux),525600,428580,97020,0,428580,0.8154109589041096,0.0,72.0,False,lux
z3_Light(kW),525600,524966,634,0,524966,0.9987937595129376,0.0,2.01,False,kW
z3_Plug(kW),525600,524967,633,0,524967,0.9987956621004567,0.0,12.63,False,kW
z3_S1(degC),525600,423189,102411,0,423189,0.8051541095890411,22.51,32.14,False,degC
z3_S1(RH%),525600,423190,102410,0,423190,0.8051560121765601,33.1,86.8,False,percent
z3_S1(lux),525600,423186,102414,0,423186,0.8051484018264841,0.0,16.0,False,lux
z4_AC1(kW),525600,495828,29772,0,495828,0.9433561643835616,0.0,55.33,False,kW
z4_Light(kW),525600,523441,2159,0,523441,0.9958923135464232,0.0,3.77,False,kW
z4_Plug(kW),525600,524817,783,0,524817,0.9985102739726027,0.0,0.06,False,kW
z4_S1(degC),525600,422315,103285,0,422315,0.8034912480974125,16.1,31.9,False,degC
z4_S1(RH%),525600,422317,103283,0,422317,0.8034950532724505,44.57,89.81,False,percent
z4_S1(lux),525600,422312,103288,0,422312,0.8034855403348554,0.0,88.0,False,lux
