month,expected_minutes,jointly_valid_ac_minutes,coverage_fraction,observed_all_16_ac_energy_kwh,complete_month_energy_kwh
2019-01,44640,32064,0.7182795698924731,9867.403833333334,
2019-02,40320,23555,0.5842013888888888,9327.088500000002,
2019-03,44640,44627,0.9997087813620071,18636.3065,
2019-04,43200,43142,0.9986574074074074,16937.797833333334,
2019-05,44640,44636,0.999910394265233,19178.49366666667,
2019-06,43200,43193,0.999837962962963,16838.532333333333,
2019-07,44640,44278,0.9918906810035842,17104.15133333333,
2019-08,44640,44639,0.9999775985663082,16925.060666666668,
2019-09,43200,43060,0.9967592592592592,17123.037833333332,
2019-10,44640,44640,1.0,16682.965333333334,16682.965333333334
2019-11,43200,43154,0.9989351851851852,15156.088333333335,
2019-12,44640,44631,0.9997983870967742,12964.882500000002,
