interval_start_local,interval_end_local,valid_minutes,observed_energy_kwh,complete_hour_energy_kwh,indoor_temperature_valid_minutes
2019-07-01T00:00:00,2019-07-01T01:00:00,60,0.8468333333333332,0.8468333333333332,60
2019-07-01T01:00:00,2019-07-01T02:00:00,60,1.149,1.149,60
2019-07-01T02:00:00,2019-07-01T03:00:00,60,1.1453333333333335,1.1453333333333335,59
2019-07-01T03:00:00,2019-07-01T04:00:00,60,1.1439999999999997,1.1439999999999997,60
2019-07-01T04:00:00,2019-07-01T05:00:00,60,1.1574999999999998,1.1574999999999998,60
2019-07-01T05:00:00,2019-07-01T06:00:00,60,1.1139999999999999,1.1139999999999999,60
2019-07-01T06:00:00,2019-07-01T07:00:00,60,0.8106666666666666,0.8106666666666666,60
2019-07-01T07:00:00,2019-07-01T08:00:00,60,0.644,0.644,60
2019-07-01T08:00:00,2019-07-01T09:00:00,60,1.0319999999999998,1.0319999999999998,60
2019-07-01T09:00:00,2019-07-01T10:00:00,60,1.1744999999999999,1.1744999999999999,60
2019-07-01T10:00:00,2019-07-01T11:00:00,60,1.1808333333333334,1.1808333333333334,60
2019-07-01T11:00:00,2019-07-01T12:00:00,60,1.215,1.215,60
2019-07-01T12:00:00,2019-07-01T13:00:00,60,0.5781666666666668,0.5781666666666668,60
2019-07-01T13:00:00,2019-07-01T14:00:00,60,0.39166666666666655,0.39166666666666655,60
2019-07-01T14:00:00,2019-07-01T15:00:00,60,0.3914999999999999,0.3914999999999999,60
2019-07-01T15:00:00,2019-07-01T16:00:00,60,0.3751666666666667,0.3751666666666667,60
2019-07-01T16:00:00,2019-07-01T17:00:00,60,0.46449999999999997,0.46449999999999997,60
2019-07-01T17:00:00,2019-07-01T18:00:00,60,0.3808333333333333,0.3808333333333333,60
2019-07-01T18:00:00,2019-07-01T19:00:00,60,0.25699999999999995,0.25699999999999995,60
2019-07-01T19:00:00,2019-07-01T20:00:00,60,0.0,0.0,60
2019-07-01T20:00:00,2019-07-01T21:00:00,60,0.0,0.0,60
2019-07-01T21:00:00,2019-07-01T22:00:00,60,0.0,0.0,60
2019-07-01T22:00:00,2019-07-01T23:00:00,60,0.0,0.0,60
2019-07-01T23:00:00,2019-07-02T00:00:00,60,0.0,0.0,60
2019-07-02T00:00:00,2019-07-02T01:00:00,60,0.8611666666666664,0.8611666666666664,60
2019-07-02T01:00:00,2019-07-02T02:00:00,60,1.1746666666666667,1.1746666666666667,60
2019-07-02T02:00:00,2019-07-02T03:00:00,60,1.166,1.166,58
2019-07-02T03:00:00,2019-07-02T04:00:00,60,1.163833333333333,1.163833333333333,60
2019-07-02T04:00:00,2019-07-02T05:00:00,60,1.1624999999999999,1.1624999999999999,60
2019-07-02T05:00:00,2019-07-02T06:00:00,60,1.1566666666666665,1.1566666666666665,60
2019-07-02T06:00:00,2019-07-02T07:00:00,60,0.8023333333333332,0.8023333333333332,60
2019-07-02T07:00:00,2019-07-02T08:00:00,60,0.651,0.651,60
2019-07-02T08:00:00,2019-07-02T09:00:00,60,0.985,0.985,60
2019-07-02T09:00:00,2019-07-02T10:00:00,60,1.1728333333333332,1.1728333333333332,60
2019-07-02T10:00:00,2019-07-02T11:00:00,60,1.2054999999999998,1.2054999999999998,60
2019-07-02T11:00:00,2019-07-02T12:00:00,60,1.2213333333333334,1.2213333333333334,60
2019-07-02T12:00:00,2019-07-02T13:00:00,60,0.5616666666666669,0.5616666666666669,60
2019-07-02T13:00:00,2019-07-02T14:00:00,59,0.33833333333333326,,60
2019-07-02T14:00:00,2019-07-02T15:00:00,60,0.42116666666666663,0.42116666666666663,60
2019-07-02T15:00:00,2019-07-02T16:00:00,60,0.3776666666666666,0.3776666666666666,60
2019-07-02T16:00:00,2019-07-02T17:00:00,60,0.47533333333333333,0.47533333333333333,60
2019-07-02T17:00:00,2019-07-02T18:00:00,60,0.37516666666666665,0.37516666666666665,60
2019-07-02T18:00:00,2019-07-02T19:00:00,60,0.183,0.183,60
2019-07-02T19:00:00,2019-07-02T20:00:00,60,0.0,0.0,60
2019-07-02T20:00:00,2019-07-02T21:00:00,60,0.0,0.0,60
2019-07-02T21:00:00,2019-07-02T22:00:00,60,0.0,0.0,60
2019-07-02T22:00:00,2019-07-02T23:00:00,60,0.0,0.0,60
2019-07-02T23:00:00,2019-07-03T00:00:00,60,0.0,0.0,60
2019-07-03T00:00:00,2019-07-03T01:00:00,60,0.8063333333333332,0.8063333333333332,60
2019-07-03T01:00:00,2019-07-03T02:00:00,60,1.124,1.124,60
2019-07-03T02:00:00,2019-07-03T03:00:00,60,1.1101666666666672,1.1101666666666672,58
2019-07-03T03:00:00,2019-07-03T04:00:00,60,1.1113333333333337,1.1113333333333337,60
2019-07-03T04:00:00,2019-07-03T05:00:00,60,1.108,1.108,60
2019-07-03T05:00:00,2019-07-03T06:00:00,60,1.1039999999999999,1.1039999999999999,60
2019-07-03T06:00:00,2019-07-03T07:00:00,60,0.8801666666666667,0.8801666666666667,60
2019-07-03T07:00:00,2019-07-03T08:00:00,60,0.7963333333333333,0.7963333333333333,60
2019-07-03T08:00:00,2019-07-03T09:00:00,60,0.9851666666666666,0.9851666666666666,60
2019-07-03T09:00:00,2019-07-03T10:00:00,60,1.1311666666666664,1.1311666666666664,60
2019-07-03T10:00:00,2019-07-03T11:00:00,60,1.0935,1.0935,60
2019-07-03T11:00:00,2019-07-03T12:00:00,60,1.1381666666666665,1.1381666666666665,60
2019-07-03T12:00:00,2019-07-03T13:00:00,60,0.5175000000000001,0.5175000000000001,60
2019-07-03T13:00:00,2019-07-03T14:00:00,60,0.3126666666666666,0.3126666666666666,60
2019-07-03T14:00:00,2019-07-03T15:00:00,60,0.3126666666666666,0.3126666666666666,56
2019-07-03T15:00:00,2019-07-03T16:00:00,60,0.3786666666666666,0.3786666666666666,53
2019-07-03T16:00:00,2019-07-03T17:00:00,60,0.352,0.352,60
2019-07-03T17:00:00,2019-07-03T18:00:00,60,0.3176666666666667,0.3176666666666667,60
2019-07-03T18:00:00,2019-07-03T19:00:00,60,0.14366666666666666,0.14366666666666666,60
2019-07-03T19:00:00,2019-07-03T20:00:00,60,0.0,0.0,60
2019-07-03T20:00:00,2019-07-03T21:00:00,60,0.0,0.0,60
2019-07-03T21:00:00,2019-07-03T22:00:00,60,0.0,0.0,60
2019-07-03T22:00:00,2019-07-03T23:00:00,60,0.0,0.0,60
2019-07-03T23:00:00,2019-07-04T00:00:00,60,0.0,0.0,60
2019-07-04T00:00:00,2019-07-04T01:00:00,60,0.7795000000000002,0.7795000000000002,60
2019-07-04T01:00:00,2019-07-04T02:00:00,60,1.1178333333333335,1.1178333333333335,60
2019-07-04T02:00:00,2019-07-04T03:00:00,60,1.116666666666667,1.116666666666667,59
2019-07-04T03:00:00,2019-07-04T04:00:00,60,1.1153333333333335,1.1153333333333335,60
2019-07-04T04:00:00,2019-07-04T05:00:00,60,1.1103333333333334,1.1103333333333334,60
2019-07-04T05:00:00,2019-07-04T06:00:00,60,1.1103333333333336,1.1103333333333336,60
2019-07-04T06:00:00,2019-07-04T07:00:00,60,0.674,0.674,60
2019-07-04T07:00:00,2019-07-04T08:00:00,60,0.628,0.628,60
2019-07-04T08:00:00,2019-07-04T09:00:00,60,0.7178333333333333,0.7178333333333333,60
2019-07-04T09:00:00,2019-07-04T10:00:00,60,1.0341666666666667,1.0341666666666667,60
2019-07-04T10:00:00,2019-07-04T11:00:00,60,0.8480000000000001,0.8480000000000001,60
2019-07-04T11:00:00,2019-07-04T12:00:00,60,1.1731666666666665,1.1731666666666665,60
2019-07-04T12:00:00,2019-07-04T13:00:00,60,0.5671666666666669,0.5671666666666669,60
2019-07-04T13:00:00,2019-07-04T14:00:00,60,0.43283333333333324,0.43283333333333324,60
2019-07-04T14:00:00,2019-07-04T15:00:00,60,0.43133333333333324,0.43133333333333324,60
2019-07-04T15:00:00,2019-07-04T16:00:00,60,0.4284999999999999,0.4284999999999999,60
2019-07-04T16:00:00,2019-07-04T17:00:00,60,0.48949999999999994,0.48949999999999994,60
2019-07-04T17:00:00,2019-07-04T18:00:00,60,0.2883333333333333,0.2883333333333333,60
2019-07-04T18:00:00,2019-07-04T19:00:00,60,0.19983333333333334,0.19983333333333334,60
2019-07-04T19:00:00,2019-07-04T20:00:00,60,0.0,0.0,60
2019-07-04T20:00:00,2019-07-04T21:00:00,60,0.0,0.0,60
2019-07-04T21:00:00,2019-07-04T22:00:00,60,0.0,0.0,60
2019-07-04T22:00:00,2019-07-04T23:00:00,60,0.0,0.0,60
2019-07-04T23:00:00,2019-07-05T00:00:00,60,0.0,0.0,60
2019-07-05T00:00:00,2019-07-05T01:00:00,60,0.7656666666666666,0.7656666666666666,60
2019-07-05T01:00:00,2019-07-05T02:00:00,60,1.1044999999999996,1.1044999999999996,60
2019-07-05T02:00:00,2019-07-05T03:00:00,60,1.0998333333333334,1.0998333333333334,59
2019-07-05T03:00:00,2019-07-05T04:00:00,60,1.0979999999999999,1.0979999999999999,60
2019-07-05T04:00:00,2019-07-05T05:00:00,60,1.1090000000000002,1.1090000000000002,60
2019-07-05T05:00:00,2019-07-05T06:00:00,60,1.1085,1.1085,60
2019-07-05T06:00:00,2019-07-05T07:00:00,60,0.7048333333333334,0.7048333333333334,60
2019-07-05T07:00:00,2019-07-05T08:00:00,60,0.6471666666666668,0.6471666666666668,60
2019-07-05T08:00:00,2019-07-05T09:00:00,60,0.8845,0.8845,60
2019-07-05T09:00:00,2019-07-05T10:00:00,60,1.0035,1.0035,60
2019-07-05T10:00:00,2019-07-05T11:00:00,60,1.1006666666666667,1.1006666666666667,60
2019-07-05T11:00:00,2019-07-05T12:00:00,60,1.0938333333333332,1.0938333333333332,60
2019-07-05T12:00:00,2019-07-05T13:00:00,60,0.5088333333333334,0.5088333333333334,60
2019-07-05T13:00:00,2019-07-05T14:00:00,60,0.24000000000000002,0.24000000000000002,60
2019-07-05T14:00:00,2019-07-05T15:00:00,60,0.28200000000000003,0.28200000000000003,60
2019-07-05T15:00:00,2019-07-05T16:00:00,60,0.2841666666666666,0.2841666666666666,60
2019-07-05T16:00:00,2019-07-05T17:00:00,60,0.30849999999999983,0.30849999999999983,60
2019-07-05T17:00:00,2019-07-05T18:00:00,60,0.30066666666666664,0.30066666666666664,60
2019-07-05T18:00:00,2019-07-05T19:00:00,60,0.196,0.196,60
2019-07-05T19:00:00,2019-07-05T20:00:00,60,0.0,0.0,60
2019-07-05T20:00:00,2019-07-05T21:00:00,60,0.0,0.0,60
2019-07-05T21:00:00,2019-07-05T22:00:00,60,0.0,0.0,60
2019-07-05T22:00:00,2019-07-05T23:00:00,60,0.0,0.0,60
2019-07-05T23:00:00,2019-07-06T00:00:00,60,0.0,0.0,60
2019-07-06T00:00:00,2019-07-06T01:00:00,60,0.7503333333333335,0.7503333333333335,60
2019-07-06T01:00:00,2019-07-06T02:00:00,60,1.1228333333333336,1.1228333333333336,60
2019-07-06T02:00:00,2019-07-06T03:00:00,60,1.1175000000000004,1.1175000000000004,59
2019-07-06T03:00:00,2019-07-06T04:00:00,60,1.1215000000000002,1.1215000000000002,60
2019-07-06T04:00:00,2019-07-06T05:00:00,60,1.12,1.12,60
2019-07-06T05:00:00,2019-07-06T06:00:00,60,1.1141666666666667,1.1141666666666667,60
2019-07-06T06:00:00,2019-07-06T07:00:00,60,0.6875000000000001,0.6875000000000001,60
2019-07-06T07:00:00,2019-07-06T08:00:00,60,0.6021666666666666,0.6021666666666666,60
2019-07-06T08:00:00,2019-07-06T09:00:00,60,0.6441666666666669,0.6441666666666669,60
2019-07-06T09:00:00,2019-07-06T10:00:00,60,0.6561666666666668,0.6561666666666668,60
2019-07-06T10:00:00,2019-07-06T11:00:00,60,0.6731666666666667,0.6731666666666667,60
2019-07-06T11:00:00,2019-07-06T12:00:00,59,0.6515000000000001,,60
2019-07-06T12:00:00,2019-07-06T13:00:00,60,0.4088333333333333,0.4088333333333333,60
2019-07-06T13:00:00,2019-07-06T14:00:00,60,0.24900000000000003,0.24900000000000003,60
2019-07-06T14:00:00,2019-07-06T15:00:00,60,0.25,0.25,60
2019-07-06T15:00:00,2019-07-06T16:00:00,60,0.25,0.25,60
2019-07-06T16:00:00,2019-07-06T17:00:00,60,0.25,0.25,59
2019-07-06T17:00:00,2019-07-06T18:00:00,60,0.24933333333333335,0.24933333333333335,60
2019-07-06T18:00:00,2019-07-06T19:00:00,60,0.13633333333333333,0.13633333333333333,60
2019-07-06T19:00:00,2019-07-06T20:00:00,60,0.0,0.0,60
2019-07-06T20:00:00,2019-07-06T21:00:00,60,0.0,0.0,60
2019-07-06T21:00:00,2019-07-06T22:00:00,60,0.0,0.0,59
2019-07-06T22:00:00,2019-07-06T23:00:00,60,0.0,0.0,60
2019-07-06T23:00:00,2019-07-07T00:00:00,60,0.0,0.0,60
2019-07-07T00:00:00,2019-07-07T01:00:00,60,0.7901666666666666,0.7901666666666666,60
2019-07-07T01:00:00,2019-07-07T02:00:00,60,1.172,1.172,60
2019-07-07T02:00:00,2019-07-07T03:00:00,60,1.1538333333333333,1.1538333333333333,58
2019-07-07T03:00:00,2019-07-07T04:00:00,60,1.1465000000000003,1.1465000000000003,60
2019-07-07T04:00:00,2019-07-07T05:00:00,60,1.1426666666666665,1.1426666666666665,60
2019-07-07T05:00:00,2019-07-07T06:00:00,60,1.1469999999999998,1.1469999999999998,60
2019-07-07T06:00:00,2019-07-07T07:00:00,60,0.7801666666666666,0.7801666666666666,60
2019-07-07T07:00:00,2019-07-07T08:00:00,60,0.6116666666666667,0.6116666666666667,60
2019-07-07T08:00:00,2019-07-07T09:00:00,60,0.64,0.64,60
2019-07-07T09:00:00,2019-07-07T10:00:00,60,0.7523333333333333,0.7523333333333333,60
2019-07-07T10:00:00,2019-07-07T11:00:00,60,0.6281666666666667,0.6281666666666667,60
2019-07-07T11:00:00,2019-07-07T12:00:00,60,0.6455,0.6455,60
2019-07-07T12:00:00,2019-07-07T13:00:00,60,0.44716666666666666,0.44716666666666666,60
2019-07-07T13:00:00,2019-07-07T14:00:00,60,0.24000000000000002,0.24000000000000002,60
2019-07-07T14:00:00,2019-07-07T15:00:00,60,0.24100000000000002,0.24100000000000002,60
2019-07-07T15:00:00,2019-07-07T16:00:00,60,0.24166666666666667,0.24166666666666667,60
2019-07-07T16:00:00,2019-07-07T17:00:00,60,0.2475,0.2475,60
2019-07-07T17:00:00,2019-07-07T18:00:00,60,0.25,0.25,60
2019-07-07T18:00:00,2019-07-07T19:00:00,60,0.09366666666666666,0.09366666666666666,60
2019-07-07T19:00:00,2019-07-07T20:00:00,60,0.0,0.0,60
2019-07-07T20:00:00,2019-07-07T21:00:00,60,0.0,0.0,60
2019-07-07T21:00:00,2019-07-07T22:00:00,60,0.0,0.0,60
2019-07-07T22:00:00,2019-07-07T23:00:00,60,0.0,0.0,60
2019-07-07T23:00:00,2019-07-08T00:00:00,60,0.0,0.0,60
