month,channel,expected_minutes,valid_minutes,missing_or_invalid_minutes,coverage_fraction,observed_energy_kwh,complete_month_energy_kwh
2019-01,z1_AC1(kW),44640,32137,12503,0.7199148745519713,3489.6713333333337,
2019-02,z1_AC1(kW),40320,23566,16754,0.5844742063492063,3077.632666666667,
2019-03,z1_AC1(kW),44640,44640,0,1.0,6380.414666666667,6380.414666666667
2019-04,z1_AC1(kW),43200,43156,44,0.9989814814814815,6103.345499999999,
2019-05,z1_AC1(kW),44640,44640,0,1.0,7404.9325,7404.9325
2019-06,z1_AC1(kW),43200,43200,0,1.0,6955.042833333334,6955.042833333334
2019-07,z1_AC1(kW),44640,44303,337,0.9924507168458782,7783.023666666667,
2019-08,z1_AC1(kW),44640,44640,0,1.0,7277.786000000001,7277.786000000001
2019-09,z1_AC1(kW),43200,43116,84,0.9980555555555556,7454.0813333333335,
2019-10,z1_AC1(kW),44640,44640,0,1.0,5855.271333333334,5855.271333333334
2019-11,z1_AC1(kW),43200,43155,45,0.9989583333333333,5148.387833333333,
2019-12,z1_AC1(kW),44640,44639,1,0.9999775985663082,4121.363166666666,
2019-01,z1_Light(kW),44640,44475,165,0.9963037634408602,1841.6273333333334,
2019-02,z1_Light(kW),40320,40320,0,1.0,1572.3203333333333,1572.3203333333333
2019-03,z1_Light(kW),44640,44640,0,1.0,1795.1314999999997,1795.1314999999997
2019-04,z1_Light(kW),43200,43197,3,0.9999305555555555,1545.2830000000001,
2019-05,z1_Light(kW),44640,44640,0,1.0,1749.2175,1749.2175
2019-06,z1_Light(kW),43200,43200,0,1.0,1864.5311666666666,1864.5311666666666
2019-07,z1_Light(kW),44640,44303,337,0.9924507168458782,2148.3844999999997,
2019-08,z1_Light(kW),44640,44640,0,1.0,2106.1491666666666,2106.1491666666666
2019-09,z1_Light(kW),43200,43072,128,0.997037037037037,2343.5716666666663,
2019-10,z1_Light(kW),44640,44640,0,1.0,1917.844,1917.844
2019-11,z1_Light(kW),43200,43200,0,1.0,1854.7083333333333,1854.7083333333333
2019-12,z1_Light(kW),44640,44640,0,1.0,1721.4533333333336,1721.4533333333336
2019-01,z1_Plug(kW),44640,44474,166,0.9962813620071684,747.2968333333333,
2019-02,z1_Plug(kW),40320,40319,1,0.9999751984126984,639.0771666666667,
2019-03,z1_Plug(kW),44640,44640,0,1.0,767.1673333333332,767.1673333333332
2019-04,z1_Plug(kW),43200,43197,3,0.9999305555555555,679.3161666666667,
2019-05,z1_Plug(kW),44640,44640,0,1.0,806.1403333333333,806.1403333333333
2019-06,z1_Plug(kW),43200,43200,0,1.0,796.4334999999999,796.4334999999999
2019-07,z1_Plug(kW),44640,44303,337,0.9924507168458782,923.1423333333333,
2019-08,z1_Plug(kW),44640,44640,0,1.0,938.0563333333334,938.0563333333334
2019-09,z1_Plug(kW),43200,43071,129,0.9970138888888889,932.7583333333333,
2019-10,z1_Plug(kW),44640,44640,0,1.0,860.6493333333334,860.6493333333334
2019-11,z1_Plug(kW),43200,43200,0,1.0,882.8123333333334,882.8123333333334
2019-12,z1_Plug(kW),44640,44640,0,1.0,799.5823333333334,799.5823333333334
2019-01,z1_S1(degC),44640,0,44640,0.0,,
2019-02,z1_S1(degC),40320,0,40320,0.0,,
2019-03,z1_S1(degC),44640,36277,8363,0.8126568100358423,,
2019-04,z1_S1(degC),43200,43031,169,0.996087962962963,,
2019-05,z1_S1(degC),44640,44104,536,0.9879928315412186,,
2019-06,z1_S1(degC),43200,42875,325,0.9924768518518519,,
2019-07,z1_S1(degC),44640,29453,15187,0.6597894265232975,,
2019-08,z1_S1(degC),44640,44531,109,0.9975582437275986,,
2019-09,z1_S1(degC),43200,42638,562,0.9869907407407408,,
2019-10,z1_S1(degC),44640,44089,551,0.9876568100358423,,
2019-11,z1_S1(degC),43200,42828,372,0.9913888888888889,,
2019-12,z1_S1(degC),44640,44166,474,0.9893817204301075,,
2019-01,z1_S1(RH%),44640,0,44640,0.0,,
2019-02,z1_S1(RH%),40320,0,40320,0.0,,
2019-03,z1_S1(RH%),44640,36277,8363,0.8126568100358423,,
2019-04,z1_S1(RH%),43200,43031,169,0.996087962962963,,
2019-05,z1_S1(RH%),44640,44104,536,0.9879928315412186,,
2019-06,z1_S1(RH%),43200,42875,325,0.9924768518518519,,
2019-07,z1_S1(RH%),44640,29453,15187,0.6597894265232975,,
2019-08,z1_S1(RH%),44640,44531,109,0.9975582437275986,,
2019-09,z1_S1(RH%),43200,42638,562,0.9869907407407408,,
2019-10,z1_S1(RH%),44640,44089,551,0.9876568100358423,,
2019-11,z1_S1(RH%),43200,42828,372,0.9913888888888889,,
2019-12,z1_S1(RH%),44640,44166,474,0.9893817204301075,,
2019-01,z1_S1(lux),44640,0,44640,0.0,,
2019-02,z1_S1(lux),40320,0,40320,0.0,,
2019-03,z1_S1(lux),44640,36277,8363,0.8126568100358423,,
2019-04,z1_S1(lux),43200,43031,169,0.996087962962963,,
2019-05,z1_S1(lux),44640,44104,536,0.9879928315412186,,
2019-06,z1_S1(lux),43200,42875,325,0.9924768518518519,,
2019-07,z1_S1(lux),44640,29453,15187,0.6597894265232975,,
2019-08,z1_S1(lux),44640,44531,109,0.9975582437275986,,
2019-09,z1_S1(lux),43200,42638,562,0.9869907407407408,,
2019-10,z1_S1(lux),44640,44089,551,0.9876568100358423,,
2019-11,z1_S1(lux),43200,42828,372,0.9913888888888889,,
2019-12,z1_S1(lux),44640,44166,474,0.9893817204301075,,
2019-01,z2_AC1(kW),44640,32088,12552,0.7188172043010753,2417.1446666666666,
2019-02,z2_AC1(kW),40320,23565,16755,0.5844494047619048,3155.8671666666664,
2019-03,z2_AC1(kW),44640,44640,0,1.0,6196.261166666666,6196.261166666666
2019-04,z2_AC1(kW),43200,43156,44,0.9989814814814815,5241.243333333333,
2019-05,z2_AC1(kW),44640,44639,1,0.9999775985663082,5652.598166666667,
2019-06,z2_AC1(kW),43200,43200,0,1.0,4896.489,4896.489
2019-07,z2_AC1(kW),44640,44283,357,0.992002688172043,4537.974,
2019-08,z2_AC1(kW),44640,44640,0,1.0,4769.820166666666,4769.820166666666
2019-09,z2_AC1(kW),43200,43067,133,0.9969212962962963,4712.890833333334,
2019-10,z2_AC1(kW),44640,44640,0,1.0,5054.865500000001,5054.865500000001
2019-11,z2_AC1(kW),43200,43157,43,0.9990046296296297,4754.581999999999,
2019-12,z2_AC1(kW),44640,44635,5,0.9998879928315412,3990.6951666666664,
2019-01,z2_AC2(kW),44640,44078,562,0.987410394265233,374.0288333333334,
2019-02,z2_AC2(kW),40320,39244,1076,0.973313492063492,359.7821666666667,
2019-03,z2_AC2(kW),44640,44628,12,0.999731182795699,423.0353333333333,
2019-04,z2_AC2(kW),43200,43179,21,0.9995138888888889,535.5826666666667,
2019-05,z2_AC2(kW),44640,44637,3,0.9999327956989247,468.25399999999996,
2019-06,z2_AC2(kW),43200,43193,7,0.999837962962963,427.58416666666665,
2019-07,z2_AC2(kW),44640,44297,343,0.9923163082437276,462.4705000000001,
2019-08,z2_AC2(kW),44640,44640,0,1.0,463.98199999999997,463.98199999999997
2019-09,z2_AC2(kW),43200,43069,131,0.9969675925925926,456.6815,
2019-10,z2_AC2(kW),44640,44640,0,1.0,502.1756666666667,502.1756666666667
2019-11,z2_AC2(kW),43200,43200,0,1.0,458.8758333333334,458.8758333333334
2019-12,z2_AC2(kW),44640,44636,4,0.999910394265233,401.35066666666665,
2019-01,z2_AC3(kW),44640,44078,562,0.987410394265233,224.97650000000002,
2019-02,z2_AC3(kW),40320,39244,1076,0.973313492063492,226.86683333333337,
2019-03,z2_AC3(kW),44640,44628,12,0.999731182795699,273.12683333333337,
2019-04,z2_AC3(kW),43200,43179,21,0.9995138888888889,383.16433333333333,
2019-05,z2_AC3(kW),44640,44637,3,0.9999327956989247,312.59183333333334,
2019-06,z2_AC3(kW),43200,43193,7,0.999837962962963,277.5353333333333,
2019-07,z2_AC3(kW),44640,44297,343,0.9923163082437276,305.9765,
2019-08,z2_AC3(kW),44640,44640,0,1.0,313.4306666666667,313.4306666666667
2019-09,z2_AC3(kW),43200,43069,131,0.9969675925925926,310.45033333333333,
2019-10,z2_AC3(kW),44640,44640,0,1.0,348.3396666666667,348.3396666666667
2019-11,z2_AC3(kW),43200,43200,0,1.0,310.33583333333337,310.33583333333337
2019-12,z2_AC3(kW),44640,44636,4,0.999910394265233,247.963,
2019-01,z2_AC4(kW),44640,44078,562,0.987410394265233,251.4203333333333,
2019-02,z2_AC4(kW),40320,39244,1076,0.973313492063492,252.2225,
2019-03,z2_AC4(kW),44640,44628,12,0.999731182795699,302.8625,
2019-04,z2_AC4(kW),43200,43179,21,0.9995138888888889,425.0276666666667,
2019-05,z2_AC4(kW),44640,44637,3,0.9999327956989247,345.63733333333334,
2019-06,z2_AC4(kW),43200,43193,7,0.999837962962963,303.6688333333333,
2019-07,z2_AC4(kW),44640,44297,343,0.9923163082437276,340.2493333333333,
2019-08,z2_AC4(kW),44640,44640,0,1.0,353.24449999999996,353.24449999999996
2019-09,z2_AC4(kW),43200,43069,131,0.9969675925925926,349.96166666666664,
2019-10,z2_AC4(kW),44640,44640,0,1.0,389.8245,389.8245
2019-11,z2_AC4(kW),43200,43200,0,1.0,351.2871666666666,351.2871666666666
2019-12,z2_AC4(kW),44640,44636,4,0.999910394265233,279.761,
2019-01,z2_AC5(kW),44640,44469,171,0.9961693548387097,725.6918333333334,
2019-02,z2_AC5(kW),40320,40320,0,1.0,694.8935,694.8935
2019-03,z2_AC5(kW),44640,44640,0,1.0,748.6506666666667,748.6506666666667
2019-04,z2_AC5(kW),43200,43198,2,0.9999537037037037,667.5741666666667,
2019-05,z2_AC5(kW),44640,44640,0,1.0,735.7805000000001,735.7805000000001
2019-06,z2_AC5(kW),43200,43200,0,1.0,702.566,702.566
2019-07,z2_AC5(kW),44640,44296,344,0.9922939068100358,697.384,
2019-08,z2_AC5(kW),44640,44640,0,1.0,736.7571666666666,736.7571666666666
2019-09,z2_AC5(kW),43200,43070,130,0.9969907407407408,709.1768333333333,
2019-10,z2_AC5(kW),44640,44640,0,1.0,757.1948333333333,757.1948333333333
2019-11,z2_AC5(kW),43200,43200,0,1.0,711.1941666666665,711.1941666666665
2019-12,z2_AC5(kW),44640,44636,4,0.999910394265233,723.0920000000001,
2019-01,z2_AC6(kW),44640,44469,171,0.9961693548387097,555.0718333333333,
2019-02,z2_AC6(kW),40320,40320,0,1.0,518.5903333333333,518.5903333333333
2019-03,z2_AC6(kW),44640,44640,0,1.0,547.2945,547.2945
2019-04,z2_AC6(kW),43200,43198,2,0.9999537037037037,393.16016666666667,
2019-05,z2_AC6(kW),44640,44640,0,1.0,433.7606666666667,433.7606666666667
2019-06,z2_AC6(kW),43200,43200,0,1.0,350.5006666666667,350.5006666666667
2019-07,z2_AC6(kW),44640,44296,344,0.9922939068100358,228.68216666666666,
2019-08,z2_AC6(kW),44640,44640,0,1.0,217.13666666666668,217.13666666666668
2019-09,z2_AC6(kW),43200,43070,130,0.9969907407407408,324.0241666666667,
2019-10,z2_AC6(kW),44640,44640,0,1.0,416.0408333333333,416.0408333333333
2019-11,z2_AC6(kW),43200,43200,0,1.0,403.92533333333336,403.92533333333336
2019-12,z2_AC6(kW),44640,44636,4,0.999910394265233,433.62966666666665,
2019-01,z2_AC7(kW),44640,44469,171,0.9961693548387097,482.1563333333333,
2019-02,z2_AC7(kW),40320,40320,0,1.0,476.91016666666667,476.91016666666667
2019-03,z2_AC7(kW),44640,44640,0,1.0,511.23600000000005,511.23600000000005
2019-04,z2_AC7(kW),43200,43198,2,0.9999537037037037,439.0636666666667,
2019-05,z2_AC7(kW),44640,44640,0,1.0,492.14450000000005,492.14450000000005
2019-06,z2_AC7(kW),43200,43200,0,1.0,465.75983333333335,465.75983333333335
2019-07,z2_AC7(kW),44640,44296,344,0.9922939068100358,456.8931666666667,
2019-08,z2_AC7(kW),44640,44640,0,1.0,496.7708333333333,496.7708333333333
2019-09,z2_AC7(kW),43200,43070,130,0.9969907407407408,477.365,
2019-10,z2_AC7(kW),44640,44640,0,1.0,515.8651666666667,515.8651666666667
2019-11,z2_AC7(kW),43200,43200,0,1.0,478.8011666666667,478.8011666666667
2019-12,z2_AC7(kW),44640,44636,4,0.999910394265233,477.0705,
2019-01,z2_AC8(kW),44640,44469,171,0.9961693548387097,374.6866666666666,
2019-02,z2_AC8(kW),40320,40320,0,1.0,357.96333333333337,357.96333333333337
2019-03,z2_AC8(kW),44640,44640,0,1.0,373.6143333333333,373.6143333333333
2019-04,z2_AC8(kW),43200,43198,2,0.9999537037037037,236.534,
2019-05,z2_AC8(kW),44640,44640,0,1.0,265.4818333333333,265.4818333333333
2019-06,z2_AC8(kW),43200,43200,0,1.0,193.8655,193.8655
2019-07,z2_AC8(kW),44640,44296,344,0.9922939068100358,79.6705,
2019-08,z2_AC8(kW),44640,44640,0,1.0,71.0375,71.0375
2019-09,z2_AC8(kW),43200,43070,130,0.9969907407407408,171.53216666666668,
2019-10,z2_AC8(kW),44640,44640,0,1.0,252.08666666666667,252.08666666666667
2019-11,z2_AC8(kW),43200,43200,0,1.0,246.17083333333332,246.17083333333332
2019-12,z2_AC8(kW),44640,44636,4,0.999910394265233,265.70533333333333,
2019-01,z2_AC9(kW),44640,44469,171,0.9961693548387097,542.1621666666666,
2019-02,z2_AC9(kW),40320,40320,0,1.0,529.6263333333334,529.6263333333334
2019-03,z2_AC9(kW),44640,44640,0,1.0,563.9191666666667,563.9191666666667
2019-04,z2_AC9(kW),43200,43198,2,0.9999537037037037,481.93666666666667,
2019-05,z2_AC9(kW),44640,44640,0,1.0,543.0321666666666,543.0321666666666
2019-06,z2_AC9(kW),43200,43200,0,1.0,511.24583333333334,511.24583333333334
2019-07,z2_AC9(kW),44640,44296,344,0.9922939068100358,500.95733333333334,
2019-08,z2_AC9(kW),44640,44640,0,1.0,551.9618333333334,551.9618333333334
2019-09,z2_AC9(kW),43200,43070,130,0.9969907407407408,532.4946666666667,
2019-10,z2_AC9(kW),44640,44640,0,1.0,571.6545,571.6545
2019-11,z2_AC9(kW),43200,43200,0,1.0,532.879,532.879
2019-12,z2_AC9(kW),44640,44636,4,0.999910394265233,531.1826666666667,
2019-01,z2_AC10(kW),44640,44469,171,0.9961693548387097,427.865,
2019-02,z2_AC10(kW),40320,40320,0,1.0,404.1565,404.1565
2019-03,z2_AC10(kW),44640,44640,0,1.0,420.57866666666666,420.57866666666666
2019-04,z2_AC10(kW),43200,43198,2,0.9999537037037037,267.9195,
2019-05,z2_AC10(kW),44640,44640,0,1.0,300.61499999999995,300.61499999999995
2019-06,z2_AC10(kW),43200,43200,0,1.0,217.21566666666666,217.21566666666666
2019-07,z2_AC10(kW),44640,44296,344,0.9922939068100358,91.48216666666667,
2019-08,z2_AC10(kW),44640,44640,0,1.0,81.985,81.985
2019-09,z2_AC10(kW),43200,43070,130,0.9969907407407408,197.65900000000002,
2019-10,z2_AC10(kW),44640,44640,0,1.0,288.7546666666667,288.7546666666667
2019-11,z2_AC10(kW),43200,43200,0,1.0,283.68649999999997,283.68649999999997
2019-12,z2_AC10(kW),44640,44636,4,0.999910394265233,305.80816666666664,
2019-01,z2_AC11(kW),44640,44469,171,0.9961693548387097,0.0,
2019-02,z2_AC11(kW),40320,40320,0,1.0,0.0,0.0
2019-03,z2_AC11(kW),44640,44640,0,1.0,0.0,0.0
2019-04,z2_AC11(kW),43200,43198,2,0.9999537037037037,0.0,
2019-05,z2_AC11(kW),44640,44640,0,1.0,0.0,0.0
2019-06,z2_AC11(kW),43200,43200,0,1.0,0.0,0.0
2019-07,z2_AC11(kW),44640,44296,344,0.9922939068100358,0.0,
2019-08,z2_AC11(kW),44640,44640,0,1.0,0.0,0.0
2019-09,z2_AC11(kW),43200,43070,130,0.9969907407407408,0.0,
2019-10,z2_AC11(kW),44640,44640,0,1.0,0.0,0.0
2019-11,z2_AC11(kW),43200,43200,0,1.0,0.0,0.0
2019-12,z2_AC11(kW),44640,44636,4,0.999910394265233,0.0,
2019-01,z2_AC12(kW),44640,44469,171,0.9961693548387097,0.6928333333333334,
2019-02,z2_AC12(kW),40320,40320,0,1.0,4.9125,4.9125
2019-03,z2_AC12(kW),44640,44640,0,1.0,3.6349999999999993,3.6349999999999993
2019-04,z2_AC12(kW),43200,43198,2,0.9999537037037037,14.125666666666664,
2019-05,z2_AC12(kW),44640,44640,0,1.0,23.407666666666668,23.407666666666668
2019-06,z2_AC12(kW),43200,43200,0,1.0,2.8901666666666666,2.8901666666666666
2019-07,z2_AC12(kW),44640,44296,344,0.9922939068100358,0.0,
2019-08,z2_AC12(kW),44640,44640,0,1.0,7.092833333333334,7.092833333333334
2019-09,z2_AC12(kW),43200,43070,130,0.9969907407407408,0.0,
2019-10,z2_AC12(kW),44640,44640,0,1.0,0.0,0.0
2019-11,z2_AC12(kW),43200,43200,0,1.0,0.0,0.0
2019-12,z2_AC12(kW),44640,44636,4,0.999910394265233,0.0,
2019-01,z2_AC13(kW),44640,44469,171,0.9961693548387097,89.15466666666666,
2019-02,z2_AC13(kW),40320,40320,0,1.0,13.9145,13.9145
2019-03,z2_AC13(kW),44640,44640,0,1.0,27.88733333333333,27.88733333333333
2019-04,z2_AC13(kW),43200,43198,2,0.9999537037037037,34.606,
2019-05,z2_AC13(kW),44640,44640,0,1.0,66.85833333333333,66.85833333333333
2019-06,z2_AC13(kW),43200,43200,0,1.0,22.791,22.791
2019-07,z2_AC13(kW),44640,44296,344,0.9922939068100358,34.63416666666667,
2019-08,z2_AC13(kW),44640,44640,0,1.0,21.642833333333336,21.642833333333336
2019-09,z2_AC13(kW),43200,43070,130,0.9969907407407408,17.5725,
2019-10,z2_AC13(kW),44640,44640,0,1.0,20.20116666666667,20.20116666666667
2019-11,z2_AC13(kW),43200,43200,0,1.0,10.209666666666665,10.209666666666665
2019-12,z2_AC13(kW),44640,44636,4,0.999910394265233,2.125833333333333,
2019-01,z2_AC14(kW),44640,44469,171,0.9961693548387097,1.0116666666666667,
2019-02,z2_AC14(kW),40320,40320,0,1.0,1.6013333333333335,1.6013333333333335
2019-03,z2_AC14(kW),44640,44640,0,1.0,0.0,0.0
2019-04,z2_AC14(kW),43200,43198,2,0.9999537037037037,0.0,
2019-05,z2_AC14(kW),44640,44640,0,1.0,4.707833333333334,4.707833333333334
2019-06,z2_AC14(kW),43200,43200,0,1.0,0.5239999999999999,0.5239999999999999
2019-07,z2_AC14(kW),44640,44296,344,0.9922939068100358,0.0,
2019-08,z2_AC14(kW),44640,44640,0,1.0,0.9764999999999999,0.9764999999999999
2019-09,z2_AC14(kW),43200,43070,130,0.9969907407407408,0.0,
2019-10,z2_AC14(kW),44640,44640,0,1.0,0.0,0.0
2019-11,z2_AC14(kW),43200,43200,0,1.0,0.0,0.0
2019-12,z2_AC14(kW),44640,44636,4,0.999910394265233,0.0,
2019-01,z2_Light(kW),44640,44461,179,0.9959901433691756,485.2638333333333,
2019-02,z2_Light(kW),40320,40251,69,0.9982886904761905,414.91283333333337,
2019-03,z2_Light(kW),44640,44639,1,0.9999775985663082,460.6045000000001,
2019-04,z2_Light(kW),43200,43188,12,0.9997222222222222,436.5865,
2019-05,z2_Light(kW),44640,44639,1,0.9999775985663082,448.2266666666667,
2019-06,z2_Light(kW),43200,43200,0,1.0,460.34566666666666,460.34566666666666
2019-07,z2_Light(kW),44640,44300,340,0.9923835125448028,500.7396666666666,
2019-08,z2_Light(kW),44640,44640,0,1.0,478.3206666666666,478.3206666666666
2019-09,z2_Light(kW),43200,43070,130,0.9969907407407408,501.23066666666665,
2019-10,z2_Light(kW),44640,44640,0,1.0,460.4625,460.4625
2019-11,z2_Light(kW),43200,43200,0,1.0,451.60450000000003,451.60450000000003
2019-12,z2_Light(kW),44640,44636,4,0.999910394265233,380.8711666666667,
2019-01,z2_Plug(kW),44640,44450,190,0.9957437275985663,112.01316666666666,
2019-02,z2_Plug(kW),40320,40227,93,0.9976934523809524,119.6735,
2019-03,z2_Plug(kW),44640,44636,4,0.999910394265233,124.65416666666667,
2019-04,z2_Plug(kW),43200,43187,13,0.9996990740740741,114.27016666666667,
2019-05,z2_Plug(kW),44640,44636,4,0.999910394265233,119.406,
2019-06,z2_Plug(kW),43200,43198,2,0.9999537037037037,132.4735,
2019-07,z2_Plug(kW),44640,44299,341,0.9923611111111111,135.07966666666667,
2019-08,z2_Plug(kW),44640,44640,0,1.0,137.4646666666667,137.4646666666667
2019-09,z2_Plug(kW),43200,43068,132,0.9969444444444444,145.52300000000002,
2019-10,z2_Plug(kW),44640,44640,0,1.0,131.5856666666667,131.5856666666667
2019-11,z2_Plug(kW),43200,43200,0,1.0,135.005,135.005
2019-12,z2_Plug(kW),44640,44636,4,0.999910394265233,118.42283333333333,
2019-01,z2_S1(degC),44640,0,44640,0.0,,
2019-02,z2_S1(degC),40320,0,40320,0.0,,
2019-03,z2_S1(degC),44640,36475,8165,0.81709229390681,,
2019-04,z2_S1(degC),43200,42780,420,0.9902777777777778,,
2019-05,z2_S1(degC),44640,44178,462,0.9896505376344086,,
2019-06,z2_S1(degC),43200,42847,353,0.9918287037037037,,
2019-07,z2_S1(degC),44640,43898,742,0.9833781362007169,,
2019-08,z2_S1(degC),44640,44461,179,0.9959901433691756,,
2019-09,z2_S1(degC),43200,42369,831,0.9807638888888889,,
2019-10,z2_S1(degC),44640,44223,417,0.9906586021505376,,
2019-11,z2_S1(degC),43200,42954,246,0.9943055555555556,,
2019-12,z2_S1(degC),44640,44394,246,0.994489247311828,,
2019-01,z2_S1(RH%),44640,0,44640,0.0,,
2019-02,z2_S1(RH%),40320,0,40320,0.0,,
2019-03,z2_S1(RH%),44640,36475,8165,0.81709229390681,,
2019-04,z2_S1(RH%),43200,42780,420,0.9902777777777778,,
2019-05,z2_S1(RH%),44640,44178,462,0.9896505376344086,,
2019-06,z2_S1(RH%),43200,42847,353,0.9918287037037037,,
2019-07,z2_S1(RH%),44640,43898,742,0.9833781362007169,,
2019-08,z2_S1(RH%),44640,44461,179,0.9959901433691756,,
2019-09,z2_S1(RH%),43200,42372,828,0.9808333333333333,,
2019-10,z2_S1(RH%),44640,44223,417,0.9906586021505376,,
2019-11,z2_S1(RH%),43200,42954,246,0.9943055555555556,,
2019-12,z2_S1(RH%),44640,44394,246,0.994489247311828,,
2019-01,z2_S1(lux),44640,0,44640,0.0,,
2019-02,z2_S1(lux),40320,0,40320,0.0,,
2019-03,z2_S1(lux),44640,36475,8165,0.81709229390681,,
2019-04,z2_S1(lux),43200,42780,420,0.9902777777777778,,
2019-05,z2_S1(lux),44640,44178,462,0.9896505376344086,,
2019-06,z2_S1(lux),43200,42847,353,0.9918287037037037,,
2019-07,z2_S1(lux),44640,43898,742,0.9833781362007169,,
2019-08,z2_S1(lux),44640,44461,179,0.9959901433691756,,
2019-09,z2_S1(lux),43200,42370,830,0.9807870370370371,,
2019-10,z2_S1(lux),44640,44223,417,0.9906586021505376,,
2019-11,z2_S1(lux),43200,42954,246,0.9943055555555556,,
2019-12,z2_S1(lux),44640,44394,246,0.994489247311828,,
2019-01,z3_Light(kW),44640,44474,166,0.9962813620071684,369.6103333333333,
2019-02,z3_Light(kW),40320,40320,0,1.0,324.5801666666666,324.5801666666666
2019-03,z3_Light(kW),44640,44640,0,1.0,384.8715,384.8715
2019-04,z3_Light(kW),43200,43200,0,1.0,395.7916666666667,395.7916666666667
2019-05,z3_Light(kW),44640,44640,0,1.0,409.2436666666666,409.2436666666666
2019-06,z3_Light(kW),43200,43200,0,1.0,414.04666666666674,414.04666666666674
2019-07,z3_Light(kW),44640,44302,338,0.9924283154121863,432.3028333333333,
2019-08,z3_Light(kW),44640,44640,0,1.0,431.467,431.467
2019-09,z3_Light(kW),43200,43070,130,0.9969907407407408,411.5061666666667,
2019-10,z3_Light(kW),44640,44640,0,1.0,350.9545,350.9545
2019-11,z3_Light(kW),43200,43200,0,1.0,356.942,356.942
2019-12,z3_Light(kW),44640,44640,0,1.0,342.6116666666666,342.6116666666666
2019-01,z3_Plug(kW),44640,44473,167,0.9962589605734767,210.31633333333332,
2019-02,z3_Plug(kW),40320,40320,0,1.0,186.20133333333334,186.20133333333334
2019-03,z3_Plug(kW),44640,44640,0,1.0,210.00416666666666,210.00416666666666
2019-04,z3_Plug(kW),43200,43200,0,1.0,214.70533333333333,214.70533333333333
2019-05,z3_Plug(kW),44640,44640,0,1.0,233.92166666666665,233.92166666666665
2019-06,z3_Plug(kW),43200,43200,0,1.0,228.74016666666668,228.74016666666668
2019-07,z3_Plug(kW),44640,44303,337,0.9924507168458782,245.7216666666667,
2019-08,z3_Plug(kW),44640,44640,0,1.0,246.8565,246.8565
2019-09,z3_Plug(kW),43200,43071,129,0.9970138888888889,234.50266666666667,
2019-10,z3_Plug(kW),44640,44640,0,1.0,215.29733333333334,215.29733333333334
2019-11,z3_Plug(kW),43200,43200,0,1.0,209.39450000000002,209.39450000000002
2019-12,z3_Plug(kW),44640,44640,0,1.0,214.89966666666666,214.89966666666666
2019-01,z3_S1(degC),44640,0,44640,0.0,,
2019-02,z3_S1(degC),40320,0,40320,0.0,,
2019-03,z3_S1(degC),44640,36992,7648,0.828673835125448,,
2019-04,z3_S1(degC),43200,42635,565,0.9869212962962963,,
2019-05,z3_S1(degC),44640,43529,1111,0.9751120071684588,,
2019-06,z3_S1(degC),43200,42147,1053,0.975625,,
2019-07,z3_S1(degC),44640,43372,1268,0.9715949820788531,,
2019-08,z3_S1(degC),44640,43947,693,0.9844758064516129,,
2019-09,z3_S1(degC),43200,41795,1405,0.9674768518518518,,
2019-10,z3_S1(degC),44640,43527,1113,0.9750672043010753,,
2019-11,z3_S1(degC),43200,41162,2038,0.9528240740740741,,
2019-12,z3_S1(degC),44640,44083,557,0.9875224014336917,,
2019-01,z3_S1(RH%),44640,0,44640,0.0,,
2019-02,z3_S1(RH%),40320,0,40320,0.0,,
2019-03,z3_S1(RH%),44640,36992,7648,0.828673835125448,,
2019-04,z3_S1(RH%),43200,42635,565,0.9869212962962963,,
2019-05,z3_S1(RH%),44640,43529,1111,0.9751120071684588,,
2019-06,z3_S1(RH%),43200,42147,1053,0.975625,,
2019-07,z3_S1(RH%),44640,43372,1268,0.9715949820788531,,
2019-08,z3_S1(RH%),44640,43947,693,0.9844758064516129,,
2019-09,z3_S1(RH%),43200,41796,1404,0.9675,,
2019-10,z3_S1(RH%),44640,43527,1113,0.9750672043010753,,
2019-11,z3_S1(RH%),43200,41162,2038,0.9528240740740741,,
2019-12,z3_S1(RH%),44640,44083,557,0.9875224014336917,,
2019-01,z3_S1(lux),44640,0,44640,0.0,,
2019-02,z3_S1(lux),40320,0,40320,0.0,,
2019-03,z3_S1(lux),44640,36992,7648,0.828673835125448,,
2019-04,z3_S1(lux),43200,42635,565,0.9869212962962963,,
2019-05,z3_S1(lux),44640,43529,1111,0.9751120071684588,,
2019-06,z3_S1(lux),43200,42147,1053,0.975625,,
2019-07,z3_S1(lux),44640,43372,1268,0.9715949820788531,,
2019-08,z3_S1(lux),44640,43947,693,0.9844758064516129,,
2019-09,z3_S1(lux),43200,41792,1408,0.9674074074074074,,
2019-10,z3_S1(lux),44640,43527,1113,0.9750672043010753,,
2019-11,z3_S1(lux),43200,41162,2038,0.9528240740740741,,
2019-12,z3_S1(lux),44640,44083,557,0.9875224014336917,,
2019-01,z4_AC1(kW),44640,32145,12495,0.7200940860215054,934.0106666666667,
2019-02,z4_AC1(kW),40320,23562,16758,0.584375,839.2208333333333,
2019-03,z4_AC1(kW),44640,44639,1,0.9999775985663082,1872.4700000000003,
2019-04,z4_AC1(kW),43200,43157,43,0.9990046296296297,1720.919,
2019-05,z4_AC1(kW),44640,44640,0,1.0,2130.3285,2130.3285
2019-06,z4_AC1(kW),43200,43200,0,1.0,1511.7438333333334,1511.7438333333334
2019-07,z4_AC1(kW),44640,44302,338,0.9924283154121863,1602.3511666666666,
2019-08,z4_AC1(kW),44640,44639,1,0.9999775985663082,1562.7200000000003,
2019-09,z4_AC1(kW),43200,43110,90,0.9979166666666667,1444.8523333333333,
2019-10,z4_AC1(kW),44640,44640,0,1.0,1710.6908333333333,1710.6908333333333
2019-11,z4_AC1(kW),43200,43155,45,0.9989583333333333,1468.9579999999999,
2019-12,z4_AC1(kW),44640,44639,1,0.9999775985663082,1190.4496666666669,
2019-01,z4_Light(kW),44640,44078,562,0.987410394265233,382.0355,
2019-02,z4_Light(kW),40320,39244,1076,0.973313492063492,310.26800000000003,
2019-03,z4_Light(kW),44640,44628,12,0.999731182795699,421.12949999999995,
2019-04,z4_Light(kW),43200,43179,21,0.9995138888888889,383.61033333333336,
2019-05,z4_Light(kW),44640,44637,3,0.9999327956989247,357.5901666666667,
2019-06,z4_Light(kW),43200,43193,7,0.999837962962963,350.48633333333333,
2019-07,z4_Light(kW),44640,44297,343,0.9923163082437276,373.3463333333333,
2019-08,z4_Light(kW),44640,44640,0,1.0,402.10166666666663,402.10166666666663
2019-09,z4_Light(kW),43200,43069,131,0.9969675925925926,455.849,
2019-10,z4_Light(kW),44640,44640,0,1.0,472.15649999999994,472.15649999999994
2019-11,z4_Light(kW),43200,43200,0,1.0,481.27549999999997,481.27549999999997
2019-12,z4_Light(kW),44640,44636,4,0.999910394265233,404.94899999999996,
2019-01,z4_Plug(kW),44640,44450,190,0.9957437275985663,1.2225000000000004,
2019-02,z4_Plug(kW),40320,40227,93,0.9976934523809524,20.009500000000003,
2019-03,z4_Plug(kW),44640,44636,4,0.999910394265233,22.21883333333334,
2019-04,z4_Plug(kW),43200,43187,13,0.9996990740740741,21.48316666666667,
2019-05,z4_Plug(kW),44640,44636,4,0.999910394265233,22.20783333333334,
2019-06,z4_Plug(kW),43200,43198,2,0.9999537037037037,21.500500000000002,
2019-07,z4_Plug(kW),44640,44299,341,0.9923611111111111,22.062000000000005,
2019-08,z4_Plug(kW),44640,44640,0,1.0,22.241666666666674,22.241666666666674
2019-09,z4_Plug(kW),43200,43068,132,0.9969444444444444,21.456500000000005,
2019-10,z4_Plug(kW),44640,44640,0,1.0,22.238000000000003,22.238000000000003
2019-11,z4_Plug(kW),43200,43200,0,1.0,21.249333333333333,21.249333333333333
2019-12,z4_Plug(kW),44640,44636,4,0.999910394265233,18.235000000000007,
2019-01,z4_S1(degC),44640,0,44640,0.0,,
2019-02,z4_S1(degC),40320,0,40320,0.0,,
2019-03,z4_S1(degC),44640,29971,14669,0.6713933691756272,,
2019-04,z4_S1(degC),43200,42806,394,0.9908796296296296,,
2019-05,z4_S1(degC),44640,44433,207,0.9953629032258065,,
2019-06,z4_S1(degC),43200,42894,306,0.9929166666666667,,
2019-07,z4_S1(degC),44640,44018,622,0.9860663082437277,,
2019-08,z4_S1(degC),44640,44373,267,0.9940188172043011,,
2019-09,z4_S1(degC),43200,42568,632,0.9853703703703703,,
2019-10,z4_S1(degC),44640,44417,223,0.9950044802867384,,
2019-11,z4_S1(degC),43200,42806,394,0.9908796296296296,,
2019-12,z4_S1(degC),44640,44029,611,0.9863127240143369,,
2019-01,z4_S1(RH%),44640,0,44640,0.0,,
2019-02,z4_S1(RH%),40320,0,40320,0.0,,
2019-03,z4_S1(RH%),44640,29971,14669,0.6713933691756272,,
2019-04,z4_S1(RH%),43200,42806,394,0.9908796296296296,,
2019-05,z4_S1(RH%),44640,44433,207,0.9953629032258065,,
2019-06,z4_S1(RH%),43200,42894,306,0.9929166666666667,,
2019-07,z4_S1(RH%),44640,44018,622,0.9860663082437277,,
2019-08,z4_S1(RH%),44640,44373,267,0.9940188172043011,,
2019-09,z4_S1(RH%),43200,42570,630,0.9854166666666667,,
2019-10,z4_S1(RH%),44640,44417,223,0.9950044802867384,,
2019-11,z4_S1(RH%),43200,42806,394,0.9908796296296296,,
2019-12,z4_S1(RH%),44640,44029,611,0.9863127240143369,,
2019-01,z4_S1(lux),44640,0,44640,0.0,,
2019-02,z4_S1(lux),40320,0,40320,0.0,,
2019-03,z4_S1(lux),44640,29971,14669,0.6713933691756272,,
2019-04,z4_S1(lux),43200,42806,394,0.9908796296296296,,
2019-05,z4_S1(lux),44640,44433,207,0.9953629032258065,,
2019-06,z4_S1(lux),43200,42894,306,0.9929166666666667,,
2019-07,z4_S1(lux),44640,44018,622,0.9860663082437277,,
2019-08,z4_S1(lux),44640,44373,267,0.9940188172043011,,
2019-09,z4_S1(lux),43200,42565,635,0.9853009259259259,,
2019-10,z4_S1(lux),44640,44417,223,0.9950044802867384,,
2019-11,z4_S1(lux),43200,42806,394,0.9908796296296296,,
2019-12,z4_S1(lux),44640,44029,611,0.9863127240143369,,
