site,year,weather_hash,rows,load_kwh,pv_2kwp_kwh,self_use_kwh,grid_import_kwh,curtailment_kwh,load_coverage_rate,economics_status,npv_cny
guangzhou,2023,ba252db3b0ce5948af606d3b0bc3c0ed635b4c4aefde99162c02cd8821382254,12,1219.857399968989,2217.57845638767,874.35642213681,345.5009778321791,1343.2220342508601,0.7167693716979031,complete,-9859.67770038158
guangzhou,2024,7a2854ff581fdeb15908726dd5b10a288adcc5ae072ab35cf6d316ef6a5cd356,12,1249.05760334538,2201.62186186817,896.7394093946103,352.3181939507696,1304.8824524735596,0.7179327894829289,complete,-9903.672350856015
guangzhou,2025,3a411d0277dc07d206aff445ead70e0b8f50348884ae05a95b2c13949fe77c25,12,1216.2525922485818,2355.53357537785,858.7765071998315,357.47608504875035,1496.7570681780185,0.7060840097468107,complete,-9936.958609072486
beijing,2023,87f01a7d6a3663e53cf3dc02248dd4a23aa762798e48b0c2fe446eb9b2e34746,12,646.5564194267417,2859.00170662324,526.7227163443468,119.83370308239498,2332.278990278893,0.8146585518574799,complete,-8403.342342454227
beijing,2024,c493a6e5544017c6f14f3b12bf5078cf9f7a236c9249beb3c8842bce2940ae84,12,625.7830718341864,2777.39553241543,522.22495120205,103.55812063213648,2255.17058121338,0.834514346435411,complete,-8298.308476912782
beijing,2025,be511dcb23fcc03f28e58e6874676d9cfa76fb8b6efb2f1d32a65ecfc8db9ea8,12,626.0858351012471,2828.71697940513,506.1586130377715,119.92722206347557,2322.5583663673583,0.8084492327732001,complete,-8403.945863717716
harbin,2023,ae44a7969016cc8d3bf941f6292f9475273a71a42b70cd9df9186978a994e4e0,12,277.94495750784364,2774.17079365639,244.08480116447416,33.86015634336948,2530.085992491916,0.8781767561211685,complete,-7848.515258636739
harbin,2024,87b645bc66fbdbc122473be9d5b9907cb5c7ef1369aa3a3c34ac161b264b2223,12,267.863921866686,2750.20490482608,233.43771396796404,34.42620789872194,2516.767190858116,0.8714787431662573,complete,-7852.168251279929
harbin,2025,4ab392a5bc1a0e6ba17454e82588c56c54dbcaf4a980423fc2ddfb5ed67356c9,12,325.96252059869045,2744.63681303267,298.92319544746283,27.03932515122762,2445.713617585207,0.9170477480000925,complete,-7804.497278419696
